1,GP health,0.7711938132821343,-20.798593298119798,8.48485307774777e-09,79.04908804082109,2,0.6499999999999999,"['overconfidence', 'heteroscedasticity']"
1,GP anomalies,Product,"{'k1': 1.08**2, 'k2': Matern(length_scale=[6.15, 0.0374], nu=1.5), 'k1__constant_value': np.float64(1.1566078722731181), 'k1__constant_value_bounds': (0.001, 1000.0), 'k2__length_scale': array([6.1459237 , 0.03736722]), 'k2__length_scale_bounds': (0.006145923699428469, 6.14592369942847), 'k2__nu': np.float64(1.5)}",2,0.6499999999999999,"['overconfidence', 'heteroscedasticity']"
1,2D Contamination,UCB,"1.08**2 * Matern(length_scale=[6.15, 0.0374], nu=1.5)","{'k1': 1.08**2, 'k2': Matern(length_scale=[6.15, 0.0374], nu=1.5), 'k1__constant_value': np.float64(1.1566078722731181), 'k1__constant_value_bounds': (0.001, 1000.0), 'k2__length_scale': array([6.1459237 , 0.03736722]), 'k2__length_scale_bounds': (0.006145923699428469, 6.14592369942847), 'k2__nu': np.float64(1.5)}","[1.0, 0.48923042665586025]",-0.00017485708634940944,0.7711938132821343,"[{'type': 'overconfidence', 'severity': 0.7, 'details': {'avg_sigma': 8.48485307774777e-09}}, {'type': 'heteroscedasticity', 'severity': 0.6, 'details': {'corr_residuals': np.float64(-0.7774555233119311)}}]",{'acq': 'UCB'}
2,GP health,0.770618268227427,-22.2822150367031,8.246231754060299e-09,76.23705581863241,2,0.6499999999999999,"['overconfidence', 'heteroscedasticity']"
2,GP anomalies,Product,"{'k1': 1.07**2, 'k2': Matern(length_scale=[6.13, 0.0364], nu=1.5), 'k1__constant_value': np.float64(1.140436262847008), 'k1__constant_value_bounds': (0.001, 1000.0), 'k2__length_scale': array([6.13143562, 0.03639881]), 'k2__length_scale_bounds': (0.006131435618662853, 6.131435618662852), 'k2__nu': np.float64(1.5)}",2,0.6499999999999999,"['overconfidence', 'heteroscedasticity']"
2,2D Contamination,UCB,"1.07**2 * Matern(length_scale=[6.13, 0.0364], nu=1.5)","{'k1': 1.07**2, 'k2': Matern(length_scale=[6.13, 0.0364], nu=1.5), 'k1__constant_value': np.float64(1.140436262847008), 'k1__constant_value_bounds': (0.001, 1000.0), 'k2__length_scale': array([6.13143562, 0.03639881]), 'k2__length_scale_bounds': (0.006131435618662853, 6.131435618662852), 'k2__nu': np.float64(1.5)}","[0.9337024169916887, 0.2230181283598901]",-0.00010395785590291012,0.770618268227427,"[{'type': 'overconfidence', 'severity': 0.7, 'details': {'avg_sigma': 8.246231754060299e-09}}, {'type': 'heteroscedasticity', 'severity': 0.6, 'details': {'corr_residuals': np.float64(-0.7906898042701804)}}]",{'acq': 'UCB'}
3,GP health,0.7651250305953519,-23.154140874668137,8.029797236523461e-09,106.56041830141648,2,0.6499999999999999,"['overconfidence', 'heteroscedasticity']"
3,GP anomalies,Product,"{'k1': 1.07**2, 'k2': Matern(length_scale=[6.14, 0.0335], nu=2.5), 'k1__constant_value': np.float64(1.1367747787937115), 'k1__constant_value_bounds': (0.001, 1000.0), 'k2__length_scale': array([6.14279879, 0.03345325]), 'k2__length_scale_bounds': (0.00614279878628298, 6.14279878628298), 'k2__nu': np.float64(2.5)}",2,0.6499999999999999,"['overconfidence', 'heteroscedasticity']"
3,2D Contamination,UCB,"1.07**2 * Matern(length_scale=[6.14, 0.0335], nu=2.5)","{'k1': 1.07**2, 'k2': Matern(length_scale=[6.14, 0.0335], nu=2.5), 'k1__constant_value': np.float64(1.1367747787937115), 'k1__constant_value_bounds': (0.001, 1000.0), 'k2__length_scale': array([6.14279879, 0.03345325]), 'k2__length_scale_bounds': (0.00614279878628298, 6.14279878628298), 'k2__nu': np.float64(2.5)}","[1.0, 0.34028724035112096]",-0.00015285139781631387,0.7651250305953519,"[{'type': 'overconfidence', 'severity': 0.7, 'details': {'avg_sigma': 8.029797236523461e-09}}, {'type': 'heteroscedasticity', 'severity': 0.6, 'details': {'corr_residuals': np.float64(-0.6499277846002496)}}]",{'acq': 'UCB'}
4,GP health,0.7145995586595841,-23.731364718457364,7.827279956943727e-09,3392.7305034952474,1,0.7,['overconfidence']
4,GP anomalies,Product,"{'k1': 1.06**2, 'k2': Matern(length_scale=[0.022, 6.12], nu=1.5), 'k1__constant_value': np.float64(1.1160789765299066), 'k1__constant_value_bounds': (0.001, 1000.0), 'k2__length_scale': array([0.02204443, 6.1156124 ]), 'k2__length_scale_bounds': (0.006115612398828072, 6.1156123988280715), 'k2__nu': np.float64(1.5)}",1,0.7,['overconfidence']
4,2D Contamination,UCB,"1.06**2 * Matern(length_scale=[0.022, 6.12], nu=1.5)","{'k1': 1.06**2, 'k2': Matern(length_scale=[0.022, 6.12], nu=1.5), 'k1__constant_value': np.float64(1.1160789765299066), 'k1__constant_value_bounds': (0.001, 1000.0), 'k2__length_scale': array([0.02204443, 6.1156124 ]), 'k2__length_scale_bounds': (0.006115612398828072, 6.1156123988280715), 'k2__nu': np.float64(1.5)}","[0.7886279051835304, 0.2264747100995014]",-0.00017675639762834724,0.7145995586595841,"[{'type': 'overconfidence', 'severity': 0.7, 'details': {'avg_sigma': 7.827279956943727e-09}}]",{'acq': 'UCB'}
5,GP health,0.7514661866867968,-24.9164369552912,7.638831497650679e-09,250.19407054483565,1,0.7,['overconfidence']
5,GP anomalies,Product,"{'k1': 1.09**2, 'k2': Matern(length_scale=[6.03, 0.0379], nu=1.5), 'k1__constant_value': np.float64(1.190426065839498), 'k1__constant_value_bounds': (0.001, 1000.0), 'k2__length_scale': array([6.03432695, 0.03785577]), 'k2__length_scale_bounds': (0.00603432694601451, 6.0343269460145095), 'k2__nu': np.float64(1.5)}",1,0.7,['overconfidence']
5,2D Contamination,UCB,"1.09**2 * Matern(length_scale=[6.03, 0.0379], nu=1.5)","{'k1': 1.09**2, 'k2': Matern(length_scale=[6.03, 0.0379], nu=1.5), 'k1__constant_value': np.float64(1.190426065839498), 'k1__constant_value_bounds': (0.001, 1000.0), 'k2__length_scale': array([6.03432695, 0.03785577]), 'k2__length_scale_bounds': (0.00603432694601451, 6.0343269460145095), 'k2__nu': np.float64(1.5)}","[0.9108538211730285, 0.8115045533128313]",-8.186025150437546e-05,0.7514661866867968,"[{'type': 'overconfidence', 'severity': 0.7, 'details': {'avg_sigma': 7.638831497650679e-09}}]",{'acq': 'UCB'}
6,GP health,0.7448609442436975,-25.699604254566882,7.467311125790242e-09,379.39553756622746,1,0.7,['overconfidence']
6,GP anomalies,Product,"{'k1': 1.09**2, 'k2': Matern(length_scale=[5.99, 0.0343], nu=2.5), 'k1__constant_value': np.float64(1.192541206509669), 'k1__constant_value_bounds': (0.001, 1000.0), 'k2__length_scale': array([5.98606015, 0.0342782 ]), 'k2__length_scale_bounds': (0.00598606015008101, 5.986060150081009), 'k2__nu': np.float64(2.5)}",1,0.7,['overconfidence']
6,2D Contamination,UCB,"1.09**2 * Matern(length_scale=[5.99, 0.0343], nu=2.5)","{'k1': 1.09**2, 'k2': Matern(length_scale=[5.99, 0.0343], nu=2.5), 'k1__constant_value': np.float64(1.192541206509669), 'k1__constant_value_bounds': (0.001, 1000.0), 'k2__length_scale': array([5.98606015, 0.0342782 ]), 'k2__length_scale_bounds': (0.00598606015008101, 5.986060150081009), 'k2__nu': np.float64(2.5)}","[1.0, 0.5362097363906339]",-0.0001325894669204038,0.7448609442436975,"[{'type': 'overconfidence', 'severity': 0.7, 'details': {'avg_sigma': 7.467311125790242e-09}}]",{'acq': 'UCB'}
7,GP health,0.7476155749572353,-27.621755252903718,7.304294850651892e-09,284.4229998276478,1,0.7,['overconfidence']
7,GP anomalies,Product,"{'k1': 1.1**2, 'k2': Matern(length_scale=[5.91, 0.0392], nu=1.5), 'k1__constant_value': np.float64(1.2167127027690017), 'k1__constant_value_bounds': (0.001, 1000.0), 'k2__length_scale': array([5.91342463, 0.03921763]), 'k2__length_scale_bounds': (0.005913424626290039, 5.913424626290039), 'k2__nu': np.float64(1.5)}",1,0.7,['overconfidence']
7,2D Contamination,UCB,"1.1**2 * Matern(length_scale=[5.91, 0.0392], nu=1.5)","{'k1': 1.1**2, 'k2': Matern(length_scale=[5.91, 0.0392], nu=1.5), 'k1__constant_value': np.float64(1.2167127027690017), 'k1__constant_value_bounds': (0.001, 1000.0), 'k2__length_scale': array([5.91342463, 0.03921763]), 'k2__length_scale_bounds': (0.005913424626290039, 5.913424626290039), 'k2__nu': np.float64(1.5)}","[0.964060049615098, 0.46192973770839824]",-0.00014442900515305375,0.7476155749572353,"[{'type': 'overconfidence', 'severity': 0.7, 'details': {'avg_sigma': 7.304294850651892e-09}}]",{'acq': 'UCB'}
8,GP health,0.7429081779448081,-28.25782785146692,7.151146050255464e-09,425.258069958984,1,0.7,['overconfidence']
8,GP anomalies,Product,"{'k1': 1.06**2, 'k2': RBF(length_scale=[5.82, 0.0265]), 'k1__constant_value': np.float64(1.1330484218870107), 'k1__constant_value_bounds': (0.001, 1000.0), 'k2__length_scale': array([5.82098707, 0.02654859]), 'k2__length_scale_bounds': (0.005820987071040555, 5.820987071040555)}",1,0.7,['overconfidence']
8,2D Contamination,UCB,"1.06**2 * RBF(length_scale=[5.82, 0.0265])","{'k1': 1.06**2, 'k2': RBF(length_scale=[5.82, 0.0265]), 'k1__constant_value': np.float64(1.1330484218870107), 'k1__constant_value_bounds': (0.001, 1000.0), 'k2__length_scale': array([5.82098707, 0.02654859]), 'k2__length_scale_bounds': (0.005820987071040555, 5.820987071040555)}","[1.0, 0.38134547190240625]",-5.5308540497617725e-05,0.7429081779448081,"[{'type': 'overconfidence', 'severity': 0.7, 'details': {'avg_sigma': 7.1511467118663594e-09}}]",{'acq': 'UCB'}
9,GP health,0.7410026079892191,-29.238807513623875,7.011673312460233e-09,478.9968943718059,1,0.7,['overconfidence']
9,GP anomalies,Product,"{'k1': 1.07**2, 'k2': RBF(length_scale=[5.75, 0.0272]), 'k1__constant_value': np.float64(1.1542175403501758), 'k1__constant_value_bounds': (0.001, 1000.0), 'k2__length_scale': array([5.752718  , 0.02717369]), 'k2__length_scale_bounds': (0.005752717996228805, 5.752717996228806)}",1,0.7,['overconfidence']
9,2D Contamination,UCB,"1.07**2 * RBF(length_scale=[5.75, 0.0272])","{'k1': 1.07**2, 'k2': RBF(length_scale=[5.75, 0.0272]), 'k1__constant_value': np.float64(1.1542175403501758), 'k1__constant_value_bounds': (0.001, 1000.0), 'k2__length_scale': array([5.752718  , 0.02717369]), 'k2__length_scale_bounds': (0.005752717996228805, 5.752717996228806)}","[1.0, 0.319117429472957]",-9.35707167276094e-05,0.7410026079892191,"[{'type': 'overconfidence', 'severity': 0.7, 'details': {'avg_sigma': 7.011673623840563e-09}}]",{'acq': 'UCB'}
10,GP health,0.7385925645927973,-30.1803096071136,6.877769344127212e-09,551.7784460011172,1,0.7,['overconfidence']
10,GP anomalies,Product,"{'k1': 1.09**2, 'k2': RBF(length_scale=[5.69, 0.028]), 'k1__constant_value': np.float64(1.1856019986984916), 'k1__constant_value_bounds': (0.001, 1000.0), 'k2__length_scale': array([5.69352538, 0.02797248]), 'k2__length_scale_bounds': (0.00569352538195388, 5.69352538195388)}",1,0.7,['overconfidence']
10,2D Contamination,UCB,"1.09**2 * RBF(length_scale=[5.69, 0.028])","{'k1': 1.09**2, 'k2': RBF(length_scale=[5.69, 0.028]), 'k1__constant_value': np.float64(1.1856019986984916), 'k1__constant_value_bounds': (0.001, 1000.0), 'k2__length_scale': array([5.69352538, 0.02797248]), 'k2__length_scale_bounds': (0.00569352538195388, 5.69352538195388)}","[1.0, 0.6173525566490223]",-0.0003531240552419818,0.7385925645927973,"[{'type': 'overconfidence', 'severity': 0.7, 'details': {'avg_sigma': 6.877764938826291e-09}}]",{'acq': 'UCB'}
11,GP health,0.7436041296371889,-32.300777194314975,6.756962389878013e-09,296.04805059167205,1,0.7,['overconfidence']
11,GP anomalies,Product,"{'k1': 1.12**2, 'k2': Matern(length_scale=[5.62, 0.0397], nu=1.5), 'k1__constant_value': np.float64(1.2433119929413974), 'k1__constant_value_bounds': (0.001, 1000.0), 'k2__length_scale': array([5.62078907, 0.03972984]), 'k2__length_scale_bounds': (0.005620789072826946, 5.6207890728269465), 'k2__nu': np.float64(1.5)}",1,0.7,['overconfidence']
11,2D Contamination,UCB,"1.12**2 * Matern(length_scale=[5.62, 0.0397], nu=1.5)","{'k1': 1.12**2, 'k2': Matern(length_scale=[5.62, 0.0397], nu=1.5), 'k1__constant_value': np.float64(1.2433119929413974), 'k1__constant_value_bounds': (0.001, 1000.0), 'k2__length_scale': array([5.62078907, 0.03972984]), 'k2__length_scale_bounds': (0.005620789072826946, 5.6207890728269465), 'k2__nu': np.float64(1.5)}","[1.0, 0.9578654423096071]",-1.434239457608847e-05,0.7436041296371889,"[{'type': 'overconfidence', 'severity': 0.7, 'details': {'avg_sigma': 6.756962389878013e-09}}]",{'acq': 'UCB'}
12,GP health,0.7362135510208251,-32.37445196734055,6.64302968845393e-09,491.4331801207529,1,0.7,['overconfidence']
12,GP anomalies,Product,"{'k1': 1.13**2, 'k2': Matern(length_scale=[5.66, 0.0372], nu=2.5), 'k1__constant_value': np.float64(1.2852272288813447), 'k1__constant_value_bounds': (0.001, 1000.0), 'k2__length_scale': array([5.66370775, 0.03723919]), 'k2__length_scale_bounds': (0.005663707753648819, 5.6637077536488185), 'k2__nu': np.float64(2.5)}",1,0.7,['overconfidence']
12,2D Contamination,UCB,"1.13**2 * Matern(length_scale=[5.66, 0.0372], nu=2.5)","{'k1': 1.13**2, 'k2': Matern(length_scale=[5.66, 0.0372], nu=2.5), 'k1__constant_value': np.float64(1.2852272288813447), 'k1__constant_value_bounds': (0.001, 1000.0), 'k2__length_scale': array([5.66370775, 0.03723919]), 'k2__length_scale_bounds': (0.005663707753648819, 5.6637077536488185), 'k2__nu': np.float64(2.5)}","[1.0, 0.4257826446254645]",-4.4268230968719604e-05,0.7362135510208251,"[{'type': 'overconfidence', 'severity': 0.7, 'details': {'avg_sigma': 6.64302968845393e-09}}]",{'acq': 'UCB'}
13,GP health,0.73929841987621,-34.139979225428476,6.532307450374453e-09,363.3061613210518,1,0.7,['overconfidence']
13,GP anomalies,Product,"{'k1': 1.14**2, 'k2': Matern(length_scale=[5.58, 0.0423], nu=1.5), 'k1__constant_value': np.float64(1.3056172001438224), 'k1__constant_value_bounds': (0.001, 1000.0), 'k2__length_scale': array([5.58200592, 0.04225463]), 'k2__length_scale_bounds': (0.005582005920668835, 5.582005920668834), 'k2__nu': np.float64(1.5)}",1,0.7,['overconfidence']
13,2D Contamination,UCB,"1.14**2 * Matern(length_scale=[5.58, 0.0423], nu=1.5)","{'k1': 1.14**2, 'k2': Matern(length_scale=[5.58, 0.0423], nu=1.5), 'k1__constant_value': np.float64(1.3056172001438224), 'k1__constant_value_bounds': (0.001, 1000.0), 'k2__length_scale': array([5.58200592, 0.04225463]), 'k2__length_scale_bounds': (0.005582005920668835, 5.582005920668834), 'k2__nu': np.float64(1.5)}","[1.0, 0.9067373136339691]",-1.192930089536929e-05,0.73929841987621,"[{'type': 'overconfidence', 'severity': 0.7, 'details': {'avg_sigma': 6.532307450374453e-09}}]",{'acq': 'UCB'}
14,GP health,0.7290885658867352,-34.79091386281661,6.4293501175025395e-09,3582.5295990026657,1,0.7,['overconfidence']
14,GP anomalies,Product,"{'k1': 1.17**2, 'k2': RBF(length_scale=[5.59, 0.0314]), 'k1__constant_value': np.float64(1.3629453112510517), 'k1__constant_value_bounds': (0.001, 1000.0), 'k2__length_scale': array([5.58747782, 0.03135478]), 'k2__length_scale_bounds': (0.005587477815324796, 5.587477815324796)}",1,0.7,['overconfidence']
14,2D Contamination,UCB,"1.17**2 * RBF(length_scale=[5.59, 0.0314])","{'k1': 1.17**2, 'k2': RBF(length_scale=[5.59, 0.0314]), 'k1__constant_value': np.float64(1.3629453112510517), 'k1__constant_value_bounds': (0.001, 1000.0), 'k2__length_scale': array([5.58747782, 0.03135478]), 'k2__length_scale_bounds': (0.005587477815324796, 5.587477815324796)}","[1.0, 0.19855801108291127]",0.000341494409645216,0.7290885658867352,"[{'type': 'overconfidence', 'severity': 0.7, 'details': {'avg_sigma': 6.429350355432923e-09}}]",{'acq': 'UCB'}
15,GP health,0.7004760104033653,-35.553775917405346,6.389420951698539e-09,4944.031349787722,1,0.7,['overconfidence']
15,GP anomalies,Product,"{'k1': 1.13**2, 'k2': Matern(length_scale=[0.0149, 0.276], nu=1.5), 'k1__constant_value': np.float64(1.2837311782487626), 'k1__constant_value_bounds': (0.001, 1000.0), 'k2__length_scale': array([0.01488587, 0.27559301]), 'k2__length_scale_bounds': (0.005575034675563339, 5.575034675563339), 'k2__nu': np.float64(1.5)}",1,0.7,['overconfidence']
15,2D Contamination,UCB,"1.13**2 * Matern(length_scale=[0.0149, 0.276], nu=1.5)","{'k1': 1.13**2, 'k2': Matern(length_scale=[0.0149, 0.276], nu=1.5), 'k1__constant_value': np.float64(1.2837311782487626), 'k1__constant_value_bounds': (0.001, 1000.0), 'k2__length_scale': array([0.01488587, 0.27559301]), 'k2__length_scale_bounds': (0.005575034675563339, 5.575034675563339), 'k2__nu': np.float64(1.5)}","[0.9887528140279802, 0.0]",0.00015088564171804683,0.7004760104033653,"[{'type': 'overconfidence', 'severity': 0.7, 'details': {'avg_sigma': 6.389420951698539e-09}}]",{'acq': 'UCB'}
16,GP health,0.7306812932764386,-36.34579474922566,6.311273860879822e-09,589.7472447233617,1,0.7,['overconfidence']
16,GP anomalies,Product,"{'k1': 1.19**2, 'k2': Matern(length_scale=[5.64, 0.044], nu=1.5), 'k1__constant_value': np.float64(1.415278328937824), 'k1__constant_value_bounds': (0.001, 1000.0), 'k2__length_scale': array([5.64116804, 0.04398128]), 'k2__length_scale_bounds': (0.005641168039714376, 5.641168039714376), 'k2__nu': np.float64(1.5)}",1,0.7,['overconfidence']
16,2D Contamination,UCB,"1.19**2 * Matern(length_scale=[5.64, 0.044], nu=1.5)","{'k1': 1.19**2, 'k2': Matern(length_scale=[5.64, 0.044], nu=1.5), 'k1__constant_value': np.float64(1.415278328937824), 'k1__constant_value_bounds': (0.001, 1000.0), 'k2__length_scale': array([5.64116804, 0.04398128]), 'k2__length_scale_bounds': (0.005641168039714376, 5.641168039714376), 'k2__nu': np.float64(1.5)}","[1.0, 0.17670045239315685]",0.0002636677049080361,0.7306812932764386,"[{'type': 'overconfidence', 'severity': 0.7, 'details': {'avg_sigma': 6.311273860879822e-09}}]",{'acq': 'UCB'}
17,GP health,0.7275731267692891,-36.9291307068374,6.254351952426756e-09,709.9318185921658,1,0.7,['overconfidence']
17,GP anomalies,Product,"{'k1': 1.2**2, 'k2': Matern(length_scale=[5.62, 0.0454], nu=1.5), 'k1__constant_value': np.float64(1.4454415214621106), 'k1__constant_value_bounds': (0.001, 1000.0), 'k2__length_scale': array([5.61772453, 0.04535717]), 'k2__length_scale_bounds': (0.005617724533291182, 5.617724533291182), 'k2__nu': np.float64(1.5)}",1,0.7,['overconfidence']
17,2D Contamination,UCB,"1.2**2 * Matern(length_scale=[5.62, 0.0454], nu=1.5)","{'k1': 1.2**2, 'k2': Matern(length_scale=[5.62, 0.0454], nu=1.5), 'k1__constant_value': np.float64(1.4454415214621106), 'k1__constant_value_bounds': (0.001, 1000.0), 'k2__length_scale': array([5.61772453, 0.04535717]), 'k2__length_scale_bounds': (0.005617724533291182, 5.617724533291182), 'k2__nu': np.float64(1.5)}","[1.0, 0.2872923798561663]",2.234963951970668e-05,0.7275731267692891,"[{'type': 'overconfidence', 'severity': 0.7, 'details': {'avg_sigma': 6.254351952426756e-09}}]",{'acq': 'UCB'}
18,GP health,0.7131464625974652,-36.118271087784926,6.1672762917196486e-09,2002.929776810274,1,0.7,['overconfidence']
18,GP anomalies,Product,"{'k1': 1.25**2, 'k2': Matern(length_scale=[5.56, 0.0423], nu=2.5), 'k1__constant_value': np.float64(1.560944989800829), 'k1__constant_value_bounds': (0.001, 1000.0), 'k2__length_scale': array([5.55618491, 0.04230244]), 'k2__length_scale_bounds': (0.0055561849052294795, 5.55618490522948), 'k2__nu': np.float64(2.5)}",1,0.7,['overconfidence']
18,2D Contamination,UCB,"1.25**2 * Matern(length_scale=[5.56, 0.0423], nu=2.5)","{'k1': 1.25**2, 'k2': Matern(length_scale=[5.56, 0.0423], nu=2.5), 'k1__constant_value': np.float64(1.560944989800829), 'k1__constant_value_bounds': (0.001, 1000.0), 'k2__length_scale': array([5.55618491, 0.04230244]), 'k2__length_scale_bounds': (0.0055561849052294795, 5.55618490522948), 'k2__nu': np.float64(2.5)}","[1.0, 0.1889469815296018]",0.00035701310661091415,0.7131464625974652,"[{'type': 'overconfidence', 'severity': 0.7, 'details': {'avg_sigma': 6.1672762917196486e-09}}]",{'acq': 'UCB'}
19,GP health,0.7208036105823274,-37.148175338622764,6.132103902399315e-09,1120.8277217903321,1,0.7,['overconfidence']
19,GP anomalies,Product,"{'k1': 1.24**2, 'k2': Matern(length_scale=[5.52, 0.0483], nu=1.5), 'k1__constant_value': np.float64(1.52710863610025), 'k1__constant_value_bounds': (0.001, 1000.0), 'k2__length_scale': array([5.51904382, 0.04830773]), 'k2__length_scale_bounds': (0.005519043818474162, 5.519043818474162), 'k2__nu': np.float64(1.5)}",1,0.7,['overconfidence']
19,2D Contamination,UCB,"1.24**2 * Matern(length_scale=[5.52, 0.0483], nu=1.5)","{'k1': 1.24**2, 'k2': Matern(length_scale=[5.52, 0.0483], nu=1.5), 'k1__constant_value': np.float64(1.52710863610025), 'k1__constant_value_bounds': (0.001, 1000.0), 'k2__length_scale': array([5.51904382, 0.04830773]), 'k2__length_scale_bounds': (0.005519043818474162, 5.519043818474162), 'k2__nu': np.float64(1.5)}","[0.7707715050625326, 0.050874226330774375]",-0.000192261920522843,0.7208036105823274,"[{'type': 'overconfidence', 'severity': 0.7, 'details': {'avg_sigma': 6.132103902399315e-09}}]",{'acq': 'UCB'}
20,GP health,0.7046416865127464,-35.888863017442205,6.047684304103052e-09,3645.918570386726,1,0.7,['overconfidence']
20,GP anomalies,Product,"{'k1': 1.29**2, 'k2': Matern(length_scale=[5.52, 0.0444], nu=2.5), 'k1__constant_value': np.float64(1.659514573051569), 'k1__constant_value_bounds': (0.001, 1000.0), 'k2__length_scale': array([5.52228934, 0.04444242]), 'k2__length_scale_bounds': (0.005522289341413611, 5.522289341413611), 'k2__nu': np.float64(2.5)}",1,0.7,['overconfidence']
20,2D Contamination,UCB,"1.29**2 * Matern(length_scale=[5.52, 0.0444], nu=2.5)","{'k1': 1.29**2, 'k2': Matern(length_scale=[5.52, 0.0444], nu=2.5), 'k1__constant_value': np.float64(1.659514573051569), 'k1__constant_value_bounds': (0.001, 1000.0), 'k2__length_scale': array([5.52228934, 0.04444242]), 'k2__length_scale_bounds': (0.005522289341413611, 5.522289341413611), 'k2__nu': np.float64(2.5)}","[0.7538983894153801, 0.19192099717747874]",0.0003543535567269427,0.7046416865127464,"[{'type': 'overconfidence', 'severity': 0.7, 'details': {'avg_sigma': 6.047684304103052e-09}}]",{'acq': 'UCB'}
21,GP health,0.7024812182309772,-34.41243815338635,6.014119464862081e-09,4558.637732164265,1,0.7,['overconfidence']
21,GP anomalies,Product,"{'k1': 1.27**2, 'k2': Matern(length_scale=[5.47, 0.0439], nu=2.5), 'k1__constant_value': np.float64(1.6048500825303313), 'k1__constant_value_bounds': (0.001, 1000.0), 'k2__length_scale': array([5.47407077, 0.04394014]), 'k2__length_scale_bounds': (0.005474070767905281, 5.474070767905282), 'k2__nu': np.float64(2.5)}",1,0.7,['overconfidence']
21,2D Contamination,UCB,"1.27**2 * Matern(length_scale=[5.47, 0.0439], nu=2.5)","{'k1': 1.27**2, 'k2': Matern(length_scale=[5.47, 0.0439], nu=2.5), 'k1__constant_value': np.float64(1.6048500825303313), 'k1__constant_value_bounds': (0.001, 1000.0), 'k2__length_scale': array([5.47407077, 0.04394014]), 'k2__length_scale_bounds': (0.005474070767905281, 5.474070767905282), 'k2__nu': np.float64(2.5)}","[1.0, 0.19189113943483643]",0.0003632072307391533,0.7024812182309772,"[{'type': 'overconfidence', 'severity': 0.7, 'details': {'avg_sigma': 6.014119464862081e-09}}]",{'acq': 'UCB'}
22,GP health,0.6380098712751592,-38.124810396824785,5.981395653829018e-09,325189.8275630729,1,0.7,['overconfidence']
22,GP anomalies,Product,"{'k1': 1.13**2, 'k2': Matern(length_scale=[0.0184, 0.167], nu=1.5), 'k1__constant_value': np.float64(1.2858131780157225), 'k1__constant_value_bounds': (0.001, 1000.0), 'k2__length_scale': array([0.01842594, 0.16742043]), 'k2__length_scale_bounds': (0.005429794813739414, 5.429794813739415), 'k2__nu': np.float64(1.5)}",1,0.7,['overconfidence']
22,2D Contamination,UCB,"1.13**2 * Matern(length_scale=[0.0184, 0.167], nu=1.5)","{'k1': 1.13**2, 'k2': Matern(length_scale=[0.0184, 0.167], nu=1.5), 'k1__constant_value': np.float64(1.2858131780157225), 'k1__constant_value_bounds': (0.001, 1000.0), 'k2__length_scale': array([0.01842594, 0.16742043]), 'k2__length_scale_bounds': (0.005429794813739414, 5.429794813739415), 'k2__nu': np.float64(1.5)}","[0.7299601032200234, 0.19776008432840347]",7.414095648925437e-05,0.6380098712751592,"[{'type': 'overconfidence', 'severity': 0.7, 'details': {'avg_sigma': 5.981395653829018e-09}}]",{'acq': 'UCB'}
23,GP health,0.6233718577989177,-41.08997597845891,5.910029696199612e-09,771101.8947467624,1,0.7,['overconfidence']
23,GP anomalies,Product,"{'k1': 1.11**2, 'k2': Matern(length_scale=[0.0454, 0.0796], nu=2.5), 'k1__constant_value': np.float64(1.233547216273422), 'k1__constant_value_bounds': (0.001, 1000.0), 'k2__length_scale': array([0.04543483, 0.07957656]), 'k2__length_scale_bounds': (0.0053817975017797885, 5.381797501779788), 'k2__nu': np.float64(2.5)}",1,0.7,['overconfidence']
23,2D Contamination,UCB,"1.11**2 * Matern(length_scale=[0.0454, 0.0796], nu=2.5)","{'k1': 1.11**2, 'k2': Matern(length_scale=[0.0454, 0.0796], nu=2.5), 'k1__constant_value': np.float64(1.233547216273422), 'k1__constant_value_bounds': (0.001, 1000.0), 'k2__length_scale': array([0.04543483, 0.07957656]), 'k2__length_scale_bounds': (0.0053817975017797885, 5.381797501779788), 'k2__nu': np.float64(2.5)}","[0.8418571284815026, 0.43371460853776067]",-6.572045884701621e-05,0.6233718577989177,"[{'type': 'overconfidence', 'severity': 0.7, 'details': {'avg_sigma': 5.910029696199612e-09}}]",{'acq': 'UCB'}
24,GP health,0.6389615901616124,-40.91908656295906,5.835787794194092e-09,264915.64862411184,1,0.7,['overconfidence']
24,GP anomalies,Product,"{'k1': 1.18**2, 'k2': Matern(length_scale=[0.0461, 0.156], nu=1.5), 'k1__constant_value': np.float64(1.3875506646447682), 'k1__constant_value_bounds': (0.001, 1000.0), 'k2__length_scale': array([0.0460652 , 0.15555785]), 'k2__length_scale_bounds': (0.005304071208165816, 5.304071208165816), 'k2__nu': np.float64(1.5)}",1,0.7,['overconfidence']
24,2D Contamination,UCB,"1.18**2 * Matern(length_scale=[0.0461, 0.156], nu=1.5)","{'k1': 1.18**2, 'k2': Matern(length_scale=[0.0461, 0.156], nu=1.5), 'k1__constant_value': np.float64(1.3875506646447682), 'k1__constant_value_bounds': (0.001, 1000.0), 'k2__length_scale': array([0.0460652 , 0.15555785]), 'k2__length_scale_bounds': (0.005304071208165816, 5.304071208165816), 'k2__nu': np.float64(1.5)}","[0.6175653641622825, 0.0]",-0.00010270614644556359,0.6389615901616124,"[{'type': 'overconfidence', 'severity': 0.7, 'details': {'avg_sigma': 5.835787794194092e-09}}]",{'acq': 'UCB'}
25,GP health,0.6388117447433401,-42.49247301337603,5.76423238904882e-09,247569.86440558298,1,0.7,['overconfidence']
25,GP anomalies,Product,"{'k1': 1.16**2, 'k2': Matern(length_scale=[0.0439, 0.153], nu=1.5), 'k1__constant_value': np.float64(1.3550675281081366), 'k1__constant_value_bounds': (0.001, 1000.0), 'k2__length_scale': array([0.04392295, 0.15285092]), 'k2__length_scale_bounds': (0.0053318442579707885, 5.331844257970788), 'k2__nu': np.float64(1.5)}",1,0.7,['overconfidence']
25,2D Contamination,UCB,"1.16**2 * Matern(length_scale=[0.0439, 0.153], nu=1.5)","{'k1': 1.16**2, 'k2': Matern(length_scale=[0.0439, 0.153], nu=1.5), 'k1__constant_value': np.float64(1.3550675281081366), 'k1__constant_value_bounds': (0.001, 1000.0), 'k2__length_scale': array([0.04392295, 0.15285092]), 'k2__length_scale_bounds': (0.0053318442579707885, 5.331844257970788), 'k2__nu': np.float64(1.5)}","[0.48484462341965195, 0.42792027501943175]",-8.988746393059669e-05,0.6388117447433401,"[{'type': 'overconfidence', 'severity': 0.7, 'details': {'avg_sigma': 5.76423238904882e-09}}]",{'acq': 'UCB'}
26,GP health,0.622181747808302,-45.62515812338595,5.695199274923093e-09,669000.3942336934,1,0.7,['overconfidence']
26,GP anomalies,Product,"{'k1': 1.09**2, 'k2': Matern(length_scale=[0.0434, 0.0775], nu=2.5), 'k1__constant_value': np.float64(1.1990171097075308), 'k1__constant_value_bounds': (0.001, 1000.0), 'k2__length_scale': array([0.04337454, 0.07753927]), 'k2__length_scale_bounds': (0.005314453985176143, 5.314453985176143), 'k2__nu': np.float64(2.5)}",1,0.7,['overconfidence']
26,2D Contamination,UCB,"1.09**2 * Matern(length_scale=[0.0434, 0.0775], nu=2.5)","{'k1': 1.09**2, 'k2': Matern(length_scale=[0.0434, 0.0775], nu=2.5), 'k1__constant_value': np.float64(1.1990171097075308), 'k1__constant_value_bounds': (0.001, 1000.0), 'k2__length_scale': array([0.04337454, 0.07753927]), 'k2__length_scale_bounds': (0.005314453985176143, 5.314453985176143), 'k2__nu': np.float64(2.5)}","[0.8166504788952544, 0.5812911028465453]",-5.535995763586062e-05,0.622181747808302,"[{'type': 'overconfidence', 'severity': 0.7, 'details': {'avg_sigma': 5.695199274923093e-09}}]",{'acq': 'UCB'}
27,GP health,0.6931817790608756,-45.041886758262024,5.628790226931394e-09,5103.841840141662,1,0.7,['overconfidence']
27,GP anomalies,Product,"{'k1': 1.27**2, 'k2': Matern(length_scale=[1.49, 0.0409], nu=1.5), 'k1__constant_value': np.float64(1.6123192218729998), 'k1__constant_value_bounds': (0.001, 1000.0), 'k2__length_scale': array([1.48623509, 0.04089088]), 'k2__length_scale_bounds': (0.005255814131162555, 5.2558141311625555), 'k2__nu': np.float64(1.5)}",1,0.7,['overconfidence']
27,2D Contamination,UCB,"1.27**2 * Matern(length_scale=[1.49, 0.0409], nu=1.5)","{'k1': 1.27**2, 'k2': Matern(length_scale=[1.49, 0.0409], nu=1.5), 'k1__constant_value': np.float64(1.6123192218729998), 'k1__constant_value_bounds': (0.001, 1000.0), 'k2__length_scale': array([1.48623509, 0.04089088]), 'k2__length_scale_bounds': (0.005255814131162555, 5.2558141311625555), 'k2__nu': np.float64(1.5)}","[1.0, 0.0937535088852604]",-8.473536588037944e-09,0.6931817790608756,"[{'type': 'overconfidence', 'severity': 0.7, 'details': {'avg_sigma': 5.628790226931394e-09}}]",{'acq': 'UCB'}
28,GP health,0.6713154201489286,-47.802660362159855,5.565957796265278e-09,20183.72615693475,1,0.7,['overconfidence']
28,GP anomalies,Product,"{'k1': 1.19**2, 'k2': Matern(length_scale=[0.74, 0.0324], nu=2.5), 'k1__constant_value': np.float64(1.4226902178416323), 'k1__constant_value_bounds': (0.001, 1000.0), 'k2__length_scale': array([0.73957843, 0.03237664]), 'k2__length_scale_bounds': (0.005246468682033694, 5.246468682033694), 'k2__nu': np.float64(2.5)}",1,0.7,['overconfidence']
28,2D Contamination,UCB,"1.19**2 * Matern(length_scale=[0.74, 0.0324], nu=2.5)","{'k1': 1.19**2, 'k2': Matern(length_scale=[0.74, 0.0324], nu=2.5), 'k1__constant_value': np.float64(1.4226902178416323), 'k1__constant_value_bounds': (0.001, 1000.0), 'k2__length_scale': array([0.73957843, 0.03237664]), 'k2__length_scale_bounds': (0.005246468682033694, 5.246468682033694), 'k2__nu': np.float64(2.5)}","[0.5993721867657427, 0.16173252858058945]",0.0002590229136883779,0.6713154201489286,"[{'type': 'overconfidence', 'severity': 0.7, 'details': {'avg_sigma': 5.565957796265278e-09}}]",{'acq': 'UCB'}
29,GP health,0.6686572165736593,-48.13936987253646,5.527034015460733e-09,23855.644358019348,1,0.7,['overconfidence']
29,GP anomalies,Product,"{'k1': 1.21**2, 'k2': Matern(length_scale=[0.762, 0.033], nu=2.5), 'k1__constant_value': np.float64(1.456181936085926), 'k1__constant_value_bounds': (0.001, 1000.0), 'k2__length_scale': array([0.76225146, 0.03302901]), 'k2__length_scale_bounds': (0.005228044655757954, 5.228044655757954), 'k2__nu': np.float64(2.5)}",1,0.7,['overconfidence']
29,2D Contamination,UCB,"1.21**2 * Matern(length_scale=[0.762, 0.033], nu=2.5)","{'k1': 1.21**2, 'k2': Matern(length_scale=[0.762, 0.033], nu=2.5), 'k1__constant_value': np.float64(1.456181936085926), 'k1__constant_value_bounds': (0.001, 1000.0), 'k2__length_scale': array([0.76225146, 0.03302901]), 'k2__length_scale_bounds': (0.005228044655757954, 5.228044655757954), 'k2__nu': np.float64(2.5)}","[0.7484727788888028, 0.17352266573583155]",0.00046405331400003693,0.6686572165736593,"[{'type': 'overconfidence', 'severity': 0.7, 'details': {'avg_sigma': 5.527034015460733e-09}}]",{'acq': 'UCB'}
30,GP health,0.6658378193498775,-47.39406995857934,5.523277388303805e-09,30062.21604552062,1,0.7,['overconfidence']
30,GP anomalies,Product,"{'k1': 1.22**2, 'k2': Matern(length_scale=[0.786, 0.0339], nu=2.5), 'k1__constant_value': np.float64(1.4845920053128991), 'k1__constant_value_bounds': (0.001, 1000.0), 'k2__length_scale': array([0.7860785 , 0.03387054]), 'k2__length_scale_bounds': (0.005184578305374633, 5.184578305374633), 'k2__nu': np.float64(2.5)}",1,0.7,['overconfidence']
30,2D Contamination,UCB,"1.22**2 * Matern(length_scale=[0.786, 0.0339], nu=2.5)","{'k1': 1.22**2, 'k2': Matern(length_scale=[0.786, 0.0339], nu=2.5), 'k1__constant_value': np.float64(1.4845920053128991), 'k1__constant_value_bounds': (0.001, 1000.0), 'k2__length_scale': array([0.7860785 , 0.03387054]), 'k2__length_scale_bounds': (0.005184578305374633, 5.184578305374633), 'k2__nu': np.float64(2.5)}","[0.5493049254535614, 0.18090148430224728]",0.0005253546302668933,0.6658378193498775,"[{'type': 'overconfidence', 'severity': 0.7, 'details': {'avg_sigma': 5.523277388303805e-09}}]",{'acq': 'UCB'}
