1,GP health,0.4863104021859779,-6.162483753181014,0.15628708625007043,2950518694.1523585,1,0.8,['noise_collapse']
1,GP anomalies,Sum,"{'k1': 1.48**2 * Matern(length_scale=[0.782, 7.62, 7.39, 0.328], nu=1.5), 'k2': WhiteKernel(noise_level=1e-08), 'k1__k1': 1.48**2, 'k1__k2': Matern(length_scale=[0.782, 7.62, 7.39, 0.328], nu=1.5), 'k1__k1__constant_value': np.float64(2.184883129820003), 'k1__k1__constant_value_bounds': (0.001, 1000.0), 'k1__k2__length_scale': array([0.78183314, 7.62434405, 7.39094534, 0.32799951]), 'k1__k2__length_scale_bounds': (0.0076243440500423755, 7.624344050042375), 'k1__k2__nu': np.float64(1.5), 'k2__noise_level': np.float64(9.999999999999982e-09), 'k2__noise_level_bounds': (1e-08, np.float64(1113.0718794968132))}",1,0.8,['noise_collapse']
1,0.38254892278307323,22292437624451.785,0.01089873119355453,-17.496617565911762,2,0.95
1,GP health BAD,0.38254892278307323
1,4D Chemical Yield,EI,RBF(length_scale=0.372),"{'length_scale': np.float64(0.37194728510328917), 'length_scale_bounds': (1e-05, 100000.0)}","[0.0, 0.9651620104080431, 1.0, 1.0]",4331.556348520718,0.38254892278307323,"[{'type': 'lengthscale_collapse', 'severity': 0.9, 'details': {'lengthscales': [1e-05]}}, {'type': 'kernel_singular', 'severity': 1.0, 'details': {'cond': np.float64(22292437624451.785)}}]",{'acq': 'EI'}
2,GP health,0.4852087088026601,-3.0941827144964513,0.1809252832051396,21543475963.224243,1,0.8,['noise_collapse']
2,GP anomalies,Sum,"{'k1': 1.47**2 * RBF(length_scale=[0.557, 1.28, 1.33, 0.285]), 'k2': WhiteKernel(noise_level=1e-08), 'k1__k1': 1.47**2, 'k1__k2': RBF(length_scale=[0.557, 1.28, 1.33, 0.285]), 'k1__k1__constant_value': np.float64(2.1581508176186106), 'k1__k1__constant_value_bounds': (0.001, 1000.0), 'k1__k2__length_scale': array([0.55739648, 1.27946789, 1.33430447, 0.28545439]), 'k1__k2__length_scale_bounds': (0.0077253080173661755, 7.725308017366176), 'k2__noise_level': np.float64(9.999999999999982e-09), 'k2__noise_level_bounds': (1e-08, np.float64(1245.884651886023))}",1,0.8,['noise_collapse']
2,0.38189046821489564,57568687421721.66,0.012621443912901573,-10.004731870280512,2,0.95
2,GP health BAD,0.38189046821489564
2,4D Chemical Yield,EI,RBF(length_scale=0.432),"{'length_scale': np.float64(0.431842452811484), 'length_scale_bounds': (1e-05, 100000.0)}","[0.0, 1.0, 0.9627937494351984, 1.0]",4229.156428204818,0.38189046821489564,"[{'type': 'lengthscale_collapse', 'severity': 0.9, 'details': {'lengthscales': [1e-05]}}, {'type': 'kernel_singular', 'severity': 1.0, 'details': {'cond': np.float64(57568687421721.66)}}]",{'acq': 'EI'}
3,GP health,0.47898704991412,0.6820979949048009,0.19861263084619127,28836304145.56543,2,0.7,"['noise_collapse', 'heteroscedasticity']"
3,GP anomalies,Sum,"{'k1': 1.51**2 * RBF(length_scale=[0.635, 0.943, 0.904, 0.392]), 'k2': WhiteKernel(noise_level=1e-08), 'k1__k1': 1.51**2, 'k1__k2': RBF(length_scale=[0.635, 0.943, 0.904, 0.392]), 'k1__k1__constant_value': np.float64(2.270246792374616), 'k1__k1__constant_value_bounds': (0.001, 1000.0), 'k1__k2__length_scale': array([0.63530831, 0.94300243, 0.90427441, 0.39194482]), 'k1__k2__length_scale_bounds': (0.0077952200712320865, 7.7952200712320865), 'k2__noise_level': np.float64(9.999999999999982e-09), 'k2__noise_level_bounds': (1e-08, np.float64(1322.4320040046396))}",2,0.7,"['noise_collapse', 'heteroscedasticity']"
3,0.3814176656005358,116270909119329.16,0.013860269110436333,-4.332036174486351,2,0.95
3,GP health BAD,0.3814176656005358
3,4D Chemical Yield,EI,RBF(length_scale=0.468),"{'length_scale': np.float64(0.4675795969857823), 'length_scale_bounds': (1e-05, 100000.0)}","[0.0, 1.0, 1.0, 1.0]",4440.522496685213,0.3814176656005358,"[{'type': 'lengthscale_collapse', 'severity': 0.9, 'details': {'lengthscales': [1e-05]}}, {'type': 'kernel_singular', 'severity': 1.0, 'details': {'cond': np.float64(116270909119329.16)}}]",{'acq': 'EI'}
4,GP health,0.4854632395914,11.390375478539518,0.21295889108212573,9649143562.997808,2,0.7,"['noise_collapse', 'heteroscedasticity']"
4,GP anomalies,Sum,"{'k1': 1.38**2 * RBF(length_scale=[0.633, 0.939, 0.899, 0.391]), 'k2': WhiteKernel(noise_level=1e-08), 'k1__k1': 1.38**2, 'k1__k2': RBF(length_scale=[0.633, 0.939, 0.899, 0.391]), 'k1__k1__constant_value': np.float64(1.8967395198451626), 'k1__k1__constant_value_bounds': (0.001, 1000.0), 'k1__k2__length_scale': array([0.6327723 , 0.93921382, 0.8986192 , 0.39114226]), 'k1__k2__length_scale_bounds': (0.007848654553230661, 7.848654553230662), 'k2__noise_level': np.float64(9.999999999999982e-09), 'k2__noise_level_bounds': (1e-08, np.float64(1383.1932522367972))}",2,0.7,"['noise_collapse', 'heteroscedasticity']"
4,0.38109401631209466,2.9257225955912387e+18,0.014709172322162681,8.755954273525695,2,0.95
4,GP health BAD,0.38109401631209466
4,4D Chemical Yield,EI,RBF(length_scale=0.49),"{'length_scale': np.float64(0.48963178594153917), 'length_scale_bounds': (1e-05, 100000.0)}","[0.0, 1.0, 1.0, 1.0]",4440.522497077385,0.38109401631209466,"[{'type': 'lengthscale_collapse', 'severity': 0.9, 'details': {'lengthscales': [1e-05]}}, {'type': 'kernel_singular', 'severity': 1.0, 'details': {'cond': np.float64(2.9257225955912387e+18)}}]",{'acq': 'EI'}
5,GP health,0.4917483079903284,21.244522500882603,0.22399843993433266,8562492378.0099,2,0.7,"['noise_collapse', 'heteroscedasticity']"
5,GP anomalies,Sum,"{'k1': 1.29**2 * RBF(length_scale=[0.631, 0.936, 0.894, 0.391]), 'k2': WhiteKernel(noise_level=1e-08), 'k1__k1': 1.29**2, 'k1__k2': RBF(length_scale=[0.631, 0.936, 0.894, 0.391]), 'k1__k1__constant_value': np.float64(1.65336834068897), 'k1__k1__constant_value_bounds': (0.001, 1000.0), 'k1__k2__length_scale': array([0.63060709, 0.9361753 , 0.89397401, 0.3906153 ]), 'k1__k2__length_scale_bounds': (0.007879693555480962, 7.879693555480962), 'k2__noise_level': np.float64(9.999999999999982e-09), 'k2__noise_level_bounds': (1e-08, np.float64(1419.241170224769))}",2,0.7,"['noise_collapse', 'heteroscedasticity']"
5,0.3808774983304397,2.626618483603506e+18,0.015277482247984642,21.210777118712997,2,0.95
5,GP health BAD,0.3808774983304397
5,4D Chemical Yield,EI,RBF(length_scale=0.506),"{'length_scale': np.float64(0.5058680026036106), 'length_scale_bounds': (1e-05, 100000.0)}","[0.0, 1.0, 1.0, 1.0]",4440.522497382015,0.3808774983304397,"[{'type': 'lengthscale_collapse', 'severity': 0.9, 'details': {'lengthscales': [1e-05]}}, {'type': 'kernel_singular', 'severity': 1.0, 'details': {'cond': np.float64(2.626618483603506e+18)}}]",{'acq': 'EI'}
6,GP health,0.49783506498503194,30.249235870764103,0.23263554409390633,19569108309.74285,1,0.8,['noise_collapse']
6,GP anomalies,Sum,"{'k1': 1.22**2 * RBF(length_scale=[0.629, 0.934, 0.89, 0.39]), 'k2': WhiteKernel(noise_level=1e-08), 'k1__k1': 1.22**2, 'k1__k2': RBF(length_scale=[0.629, 0.934, 0.89, 0.39]), 'k1__k1__constant_value': np.float64(1.484424178706187), 'k1__k1__constant_value_bounds': (0.001, 1000.0), 'k1__k2__length_scale': array([0.62877733, 0.93377886, 0.89023868, 0.39031654]), 'k1__k2__length_scale_bounds': (0.00789210537838041, 7.8921053783804105), 'k2__noise_level': np.float64(9.999999999999982e-09), 'k2__noise_level_bounds': (1e-08, np.float64(1437.4082909417716))}",1,0.8,['noise_collapse']
6,0.3807354190314621,5.519065909500894e+18,0.015650583326989365,33.22411499208307,2,0.95
6,GP health BAD,0.3807354190314621
6,4D Chemical Yield,EI,RBF(length_scale=0.518),"{'length_scale': np.float64(0.5183624404732071), 'length_scale_bounds': (1e-05, 100000.0)}","[0.0, 1.0, 1.0, 1.0]",4440.522497617231,0.3807354190314621,"[{'type': 'lengthscale_collapse', 'severity': 0.9, 'details': {'lengthscales': [1e-05]}}, {'type': 'kernel_singular', 'severity': 1.0, 'details': {'cond': np.float64(5.519065909500894e+18)}}]",{'acq': 'EI'}
7,GP health,0.503729403539736,40.06352195101502,0.23944758746499334,7315113011.042033,1,0.8,['noise_collapse']
7,GP anomalies,Sum,"{'k1': 1.17**2 * RBF(length_scale=[0.627, 0.932, 0.887, 0.39]), 'k2': WhiteKernel(noise_level=1e-08), 'k1__k1': 1.17**2, 'k1__k2': RBF(length_scale=[0.627, 0.932, 0.887, 0.39]), 'k1__k1__constant_value': np.float64(1.3620819816100989), 'k1__k1__constant_value_bounds': (0.001, 1000.0), 'k1__k2__length_scale': array([0.62725499, 0.93195988, 0.88727632, 0.3902179 ]), 'k1__k2__length_scale_bounds': (0.007889011187256965, 7.889011187256965), 'k2__noise_level': np.float64(9.999999999999982e-09), 'k2__noise_level_bounds': (1e-08, np.float64(1442.2909177925133))}",1,0.8,['noise_collapse']
7,0.38064777770930336,3.0305382864895476e+21,0.015880799394065517,44.925405573322635,2,0.95
7,GP health BAD,0.38064777770930336
7,4D Chemical Yield,EI,RBF(length_scale=0.528),"{'length_scale': np.float64(0.5282807929156048), 'length_scale_bounds': (1e-05, 100000.0)}","[0.0, 1.0, 1.0, 1.0]",4440.522497804102,0.38064777770930336,"[{'type': 'lengthscale_collapse', 'severity': 0.9, 'details': {'lengthscales': [1e-05]}}, {'type': 'kernel_singular', 'severity': 1.0, 'details': {'cond': np.float64(3.0305382864895476e+21)}}]",{'acq': 'EI'}
8,GP health,0.5094361806679513,48.593983297475475,0.24483586458595472,17102891016.903467,1,0.8,['noise_collapse']
8,GP anomalies,Sum,"{'k1': 1.13**2 * RBF(length_scale=[0.626, 0.931, 0.885, 0.39]), 'k2': WhiteKernel(noise_level=1e-08), 'k1__k1': 1.13**2, 'k1__k2': RBF(length_scale=[0.626, 0.931, 0.885, 0.39]), 'k1__k1__constant_value': np.float64(1.2707381815456242), 'k1__k1__constant_value_bounds': (0.001, 1000.0), 'k1__k2__length_scale': array([0.62599187, 0.93062405, 0.88497269, 0.39027994]), 'k1__k2__length_scale_bounds': (0.007873006575323457, 7.873006575323458), 'k2__noise_level': np.float64(9.999999999999982e-09), 'k2__noise_level_bounds': (1e-08, np.float64(1437.1426690904802))}",1,0.8,['noise_collapse']
8,0.38060100746176667,1.5738637323398968e+35,0.01600367708794591,56.39842140615134,2,0.95
8,GP health BAD,0.38060100746176667
8,4D Chemical Yield,EI,RBF(length_scale=0.536),"{'length_scale': np.float64(0.5363164823031865), 'length_scale_bounds': (1e-05, 100000.0)}","[0.0, 1.0, 1.0, 1.0]",4440.522497950266,0.38060100746176667,"[{'type': 'lengthscale_collapse', 'severity': 0.9, 'details': {'lengthscales': [1e-05]}}, {'type': 'kernel_singular', 'severity': 1.0, 'details': {'cond': np.float64(1.5738637323398968e+35)}}]",{'acq': 'EI'}
9,GP health,0.5149557869620479,58.12297445275805,0.2490915646641786,6696027958.5575075,1,0.8,['noise_collapse']
9,GP anomalies,Sum,"{'k1': 1.1**2 * RBF(length_scale=[0.625, 0.93, 0.883, 0.39]), 'k2': WhiteKernel(noise_level=1e-08), 'k1__k1': 1.1**2, 'k1__k2': RBF(length_scale=[0.625, 0.93, 0.883, 0.39]), 'k1__k1__constant_value': np.float64(1.2011397488886009), 'k1__k1__constant_value_bounds': (0.001, 1000.0), 'k1__k2__length_scale': array([0.62496328, 0.92972157, 0.88324689, 0.39047921]), 'k1__k2__length_scale_bounds': (0.007846258013625013, 7.846258013625013), 'k2__noise_level': np.float64(9.999999999999982e-09), 'k2__noise_level_bounds': (1e-08, np.float64(1424.350156870911))}",1,0.8,['noise_collapse']
9,0.38058539869070357,6.90169987375067e+35,0.01604468877953451,67.69918792832908,2,0.95
9,GP health BAD,0.38058539869070357
9,4D Chemical Yield,EI,RBF(length_scale=0.543),"{'length_scale': np.float64(0.5429235930013431), 'length_scale_bounds': (1e-05, 100000.0)}","[0.0, 1.0, 1.0, 1.0]",4440.522498069075,0.38058539869070357,"[{'type': 'lengthscale_collapse', 'severity': 0.9, 'details': {'lengthscales': [1e-05]}}, {'type': 'kernel_singular', 'severity': 1.0, 'details': {'cond': np.float64(6.90169987375067e+35)}}]",{'acq': 'EI'}
10,GP health,0.5202886892361342,66.96420689959936,0.2524336239276908,6518957040.975639,1,0.8,['noise_collapse']
10,GP anomalies,Sum,"{'k1': 1.07**2 * RBF(length_scale=[0.624, 0.929, 0.882, 0.391]), 'k2': WhiteKernel(noise_level=1e-08), 'k1__k1': 1.07**2, 'k1__k2': RBF(length_scale=[0.624, 0.929, 0.882, 0.391]), 'k1__k1__constant_value': np.float64(1.1472986579069444), 'k1__k1__constant_value_bounds': (0.001, 1000.0), 'k1__k2__length_scale': array([0.62413598, 0.92918435, 0.88200402, 0.39078927]), 'k1__k2__length_scale_bounds': (0.007810579857132219, 7.810579857132219), 'k2__noise_level': np.float64(9.999999999999982e-09), 'k2__noise_level_bounds': (1e-08, np.float64(1405.7099915553872))}",1,0.8,['noise_collapse']
10,0.38059379663801407,8.036670970829025e+37,0.01602262315461376,78.86656808008989,2,0.95
10,GP health BAD,0.38059379663801407
10,4D Chemical Yield,EI,RBF(length_scale=0.548),"{'length_scale': np.float64(0.5484134585174019), 'length_scale_bounds': (1e-05, 100000.0)}","[0.0, 0.6925347727331959, 1.0, 1.0]",3168.0764089436298,0.38059379663801407,"[{'type': 'lengthscale_collapse', 'severity': 0.9, 'details': {'lengthscales': [1e-05]}}, {'type': 'kernel_singular', 'severity': 1.0, 'details': {'cond': np.float64(8.036670970829025e+37)}}]",{'acq': 'EI'}
11,GP health,0.522680596615129,67.17953223705325,0.25196370573511156,13677190055.037645,1,0.8,['noise_collapse']
11,GP anomalies,Sum,"{'k1': 1**2 * RBF(length_scale=[0.652, 0.793, 0.829, 0.379]), 'k2': WhiteKernel(noise_level=1e-08), 'k1__k1': 1**2, 'k1__k2': RBF(length_scale=[0.652, 0.793, 0.829, 0.379]), 'k1__k1__constant_value': np.float64(1.0017721764504852), 'k1__k1__constant_value_bounds': (0.001, 1000.0), 'k1__k2__length_scale': array([0.65200873, 0.79309478, 0.82875909, 0.37881306]), 'k1__k2__length_scale_bounds': (0.007782697612397709, 7.782697612397708), 'k2__noise_level': np.float64(9.999999999999982e-09), 'k2__noise_level_bounds': (1e-08, np.float64(1354.7518260234083))}",1,0.8,['noise_collapse']
11,0.38058618695511387,6.426458901635583e+46,0.016042617592366824,79.7755736637242,2,0.95
11,GP health BAD,0.38058618695511387
11,4D Chemical Yield,EI,RBF(length_scale=0.553),"{'length_scale': np.float64(0.5529789775038997), 'length_scale_bounds': (1e-05, 100000.0)}","[0.0, 1.0, 1.0, 1.0]",4440.522498285808,0.38058618695511387,"[{'type': 'lengthscale_collapse', 'severity': 0.9, 'details': {'lengthscales': [1e-05]}}, {'type': 'kernel_singular', 'severity': 1.0, 'details': {'cond': np.float64(6.426458901635583e+46)}}]",{'acq': 'EI'}
12,GP health,0.5277358138920837,76.1887487346393,0.25432405537962716,4661667953.492518,1,0.8,['noise_collapse']
12,GP anomalies,Sum,"{'k1': 0.985**2 * RBF(length_scale=[0.652, 0.792, 0.828, 0.379]), 'k2': WhiteKernel(noise_level=1e-08), 'k1__k1': 0.985**2, 'k1__k2': RBF(length_scale=[0.652, 0.792, 0.828, 0.379]), 'k1__k1__constant_value': np.float64(0.9699224125138143), 'k1__k1__constant_value_bounds': (0.001, 1000.0), 'k1__k2__length_scale': array([0.6524732 , 0.79154295, 0.82813403, 0.37941476]), 'k1__k2__length_scale_bounds': (0.0077368619568887395, 7.73686195688874), 'k2__noise_level': np.float64(9.999999999999982e-09), 'k2__noise_level_bounds': (1e-08, np.float64(1331.0922586362933))}",1,0.8,['noise_collapse']
12,0.38061635954615014,1.7000721790259916e+52,0.01596334147541018,90.81778441698613,2,0.95
12,GP health BAD,0.38061635954615014
12,4D Chemical Yield,EI,RBF(length_scale=0.557),"{'length_scale': np.float64(0.5569290177656374), 'length_scale_bounds': (1e-05, 100000.0)}","[0.0, 1.0, 1.0, 1.0]",4440.52249839656,0.38061635954615014,"[{'type': 'lengthscale_collapse', 'severity': 0.9, 'details': {'lengthscales': [1e-05]}}, {'type': 'kernel_singular', 'severity': 1.0, 'details': {'cond': np.float64(1.7000721790259916e+52)}}]",{'acq': 'EI'}
13,GP health,0.5326105205832656,84.5422559870891,0.25612292849865265,13122016403.713991,1,0.8,['noise_collapse']
13,GP anomalies,Sum,"{'k1': 0.972**2 * RBF(length_scale=[0.653, 0.79, 0.828, 0.38]), 'k2': WhiteKernel(noise_level=1e-08), 'k1__k1': 0.972**2, 'k1__k2': RBF(length_scale=[0.653, 0.79, 0.828, 0.38]), 'k1__k1__constant_value': np.float64(0.9450388736541027), 'k1__k1__constant_value_bounds': (0.001, 1000.0), 'k1__k2__length_scale': array([0.65308716, 0.79021164, 0.82776147, 0.38006555]), 'k1__k2__length_scale_bounds': (0.007685632049478876, 7.685632049478876), 'k2__noise_level': np.float64(9.999999999999982e-09), 'k2__noise_level_bounds': (1e-08, np.float64(1304.5118080868453))}",1,0.8,['noise_collapse']
13,0.38065972582292745,2.72440247865559e+54,0.015849410990379363,101.77869189254318,2,0.95
13,GP health BAD,0.38065972582292745
13,4D Chemical Yield,EI,RBF(length_scale=0.56),"{'length_scale': np.float64(0.5602436257728075), 'length_scale_bounds': (1e-05, 100000.0)}","[0.0, 1.0, 1.0, 1.0]",4440.522498488302,0.38065972582292745,"[{'type': 'lengthscale_collapse', 'severity': 0.9, 'details': {'lengthscales': [1e-05]}}, {'type': 'kernel_singular', 'severity': 1.0, 'details': {'cond': np.float64(2.72440247865559e+54)}}]",{'acq': 'EI'}
14,GP health,0.5373004381117185,93.12791027478895,0.25745341527239485,12972116569.374441,1,0.8,['noise_collapse']
14,GP anomalies,Sum,"{'k1': 0.962**2 * RBF(length_scale=[0.654, 0.789, 0.828, 0.381]), 'k2': WhiteKernel(noise_level=1e-08), 'k1__k1': 0.962**2, 'k1__k2': RBF(length_scale=[0.654, 0.789, 0.828, 0.381]), 'k1__k1__constant_value': np.float64(0.9257381330570106), 'k1__k1__constant_value_bounds': (0.001, 1000.0), 'k1__k2__length_scale': array([0.6538216 , 0.789089  , 0.82761558, 0.38075776]), 'k1__k2__length_scale_bounds': (0.007629964984307918, 7.629964984307918), 'k2__noise_level': np.float64(9.999999999999982e-09), 'k2__noise_level_bounds': (1e-08, np.float64(1275.747279015518))}",1,0.8,['noise_collapse']
14,0.3807133700964142,4.053597103216772e+51,0.015708496440435208,112.67285088563403,2,0.95
14,GP health BAD,0.3807133700964142
14,4D Chemical Yield,EI,RBF(length_scale=0.563),"{'length_scale': np.float64(0.5630675076144038), 'length_scale_bounds': (1e-05, 100000.0)}","[0.7217582571174774, 0.7770107622096489, 0.748201042078101, 1.0]",1622.0820064974457,0.3807133700964142,"[{'type': 'lengthscale_collapse', 'severity': 0.9, 'details': {'lengthscales': [1e-05]}}, {'type': 'kernel_singular', 'severity': 1.0, 'details': {'cond': np.float64(4.053597103216772e+51)}}]",{'acq': 'EI'}
15,GP health,0.5384165234475896,93.38561001269663,0.25489573009442695,5162069162.62597,1,0.8,['noise_collapse']
15,GP anomalies,Sum,"{'k1': 0.937**2 * RBF(length_scale=[0.62, 0.774, 0.825, 0.38]), 'k2': WhiteKernel(noise_level=1e-08), 'k1__k1': 0.937**2, 'k1__k2': RBF(length_scale=[0.62, 0.774, 0.825, 0.38]), 'k1__k1__constant_value': np.float64(0.8785946516865276), 'k1__k1__constant_value_bounds': (0.001, 1000.0), 'k1__k2__length_scale': array([0.61957459, 0.77377031, 0.82547424, 0.37950146]), 'k1__k2__length_scale_bounds': (0.00763917791905673, 7.6391779190567295), 'k2__noise_level': np.float64(9.999999999999982e-09), 'k2__noise_level_bounds': (1e-08, np.float64(1219.2392493916398))}",1,0.8,['noise_collapse']
15,0.38074899393167994,2.3801287171466696e+55,0.015614929543436509,112.60035085517443,2,0.95
15,GP health BAD,0.38074899393167994
15,4D Chemical Yield,EI,RBF(length_scale=0.565),"{'length_scale': np.float64(0.565431801647959), 'length_scale_bounds': (1e-05, 100000.0)}","[0.0, 1.0, 1.0, 1.0]",4440.522498611424,0.38074899393167994,"[{'type': 'lengthscale_collapse', 'severity': 0.9, 'details': {'lengthscales': [1e-05]}}, {'type': 'kernel_singular', 'severity': 1.0, 'details': {'cond': np.float64(2.3801287171466696e+55)}}]",{'acq': 'EI'}
16,GP health,0.5429354275142763,101.94903008956092,0.2559385654044157,5178623742.220101,1,0.8,['noise_collapse']
16,GP anomalies,Sum,"{'k1': 0.929**2 * RBF(length_scale=[0.621, 0.773, 0.825, 0.38]), 'k2': WhiteKernel(noise_level=1e-08), 'k1__k1': 0.929**2, 'k1__k2': RBF(length_scale=[0.621, 0.773, 0.825, 0.38]), 'k1__k1__constant_value': np.float64(0.8636881481112456), 'k1__k1__constant_value_bounds': (0.001, 1000.0), 'k1__k2__length_scale': array([0.62057735, 0.77277102, 0.82545208, 0.38018677]), 'k1__k2__length_scale_bounds': (0.0075825839171820494, 7.58258391718205), 'k2__noise_level': np.float64(9.999999999999982e-09), 'k2__noise_level_bounds': (1e-08, np.float64(1190.642333480804))}",1,0.8,['noise_collapse']
16,0.3808056085541584,5.5576542160352905e+53,0.015466247827383758,123.4611662499585,2,0.95
16,GP health BAD,0.3808056085541584
16,4D Chemical Yield,EI,RBF(length_scale=0.568),"{'length_scale': np.float64(0.5678798202889336), 'length_scale_bounds': (1e-05, 100000.0)}","[0.0, 1.0, 1.0, 1.0]",4440.52249867766,0.3808056085541584,"[{'type': 'lengthscale_collapse', 'severity': 0.9, 'details': {'lengthscales': [1e-05]}}, {'type': 'kernel_singular', 'severity': 1.0, 'details': {'cond': np.float64(5.5576542160352905e+53)}}]",{'acq': 'EI'}
17,GP health,0.5472627175755804,110.13471145940426,0.25665228233013015,16081026859.62367,1,0.8,['noise_collapse']
17,GP anomalies,Sum,"{'k1': 0.923**2 * RBF(length_scale=[0.622, 0.772, 0.826, 0.381]), 'k2': WhiteKernel(noise_level=1e-08), 'k1__k1': 0.923**2, 'k1__k2': RBF(length_scale=[0.622, 0.772, 0.826, 0.381]), 'k1__k1__constant_value': np.float64(0.8522406590763526), 'k1__k1__constant_value_bounds': (0.001, 1000.0), 'k1__k2__length_scale': array([0.62160897, 0.77192086, 0.82559544, 0.38089398]), 'k1__k2__length_scale_bounds': (0.007523059583639466, 7.5230595836394665), 'k2__noise_level': np.float64(9.999999999999982e-09), 'k2__noise_level_bounds': (1e-08, np.float64(1160.9519952933651))}",1,0.8,['noise_collapse']
17,0.38086855299673517,2.1332882041476865e+59,0.015300968641355104,134.27357063985883,2,0.95
17,GP health BAD,0.38086855299673517
17,4D Chemical Yield,EI,RBF(length_scale=0.57),"{'length_scale': np.float64(0.5699635846551613), 'length_scale_bounds': (1e-05, 100000.0)}","[0.947553007320949, 0.9088179657858015, 0.730774625073879, 0.9768788126856817]",2227.486102859752,0.38086855299673517,"[{'type': 'lengthscale_collapse', 'severity': 0.9, 'details': {'lengthscales': [1e-05]}}, {'type': 'kernel_singular', 'severity': 1.0, 'details': {'cond': np.float64(2.1332882041476865e+59)}}]",{'acq': 'EI'}
18,GP health,0.5480690138693636,110.70416287348161,0.25438839572737953,5745533789.976511,1,0.8,['noise_collapse']
18,GP anomalies,Sum,"{'k1': 0.917**2 * RBF(length_scale=[0.631, 0.774, 0.814, 0.378]), 'k2': WhiteKernel(noise_level=1e-08), 'k1__k1': 0.917**2, 'k1__k2': RBF(length_scale=[0.631, 0.774, 0.814, 0.378]), 'k1__k1__constant_value': np.float64(0.8413321682220722), 'k1__k1__constant_value_bounds': (0.001, 1000.0), 'k1__k2__length_scale': array([0.63110184, 0.77350928, 0.81431392, 0.37813912]), 'k1__k2__length_scale_bounds': (0.007601350423703302, 7.601350423703303), 'k2__noise_level': np.float64(9.999999999999982e-09), 'k2__noise_level_bounds': (1e-08, np.float64(1110.6872430830026))}",1,0.8,['noise_collapse']
18,0.38089431466518014,3.926870617049543e+52,0.015233331665208221,134.37294443339215,2,0.95
18,GP health BAD,0.38089431466518014
18,4D Chemical Yield,EI,RBF(length_scale=0.572),"{'length_scale': np.float64(0.571932504393023), 'length_scale_bounds': (1e-05, 100000.0)}","[0.0, 1.0, 1.0, 1.0]",4440.522498771589,0.38089431466518014,"[{'type': 'lengthscale_collapse', 'severity': 0.9, 'details': {'lengthscales': [1e-05]}}, {'type': 'kernel_singular', 'severity': 1.0, 'details': {'cond': np.float64(3.926870617049543e+52)}}]",{'acq': 'EI'}
19,GP health,0.55220972087409,118.70010446311278,0.25487461164818787,19645182628.421726,1,0.8,['noise_collapse']
19,GP anomalies,Sum,"{'k1': 0.912**2 * RBF(length_scale=[0.631, 0.773, 0.815, 0.379]), 'k2': WhiteKernel(noise_level=1e-08), 'k1__k1': 0.912**2, 'k1__k2': RBF(length_scale=[0.631, 0.773, 0.815, 0.379]), 'k1__k1__constant_value': np.float64(0.8321154176427799), 'k1__k1__constant_value_bounds': (0.001, 1000.0), 'k1__k2__length_scale': array([0.63106033, 0.77308323, 0.81507727, 0.37886204]), 'k1__k2__length_scale_bounds': (0.007541037101461468, 7.541037101461469), 'k2__noise_level': np.float64(9.999999999999982e-09), 'k2__noise_level_bounds': (1e-08, np.float64(1081.736613901439))}",1,0.8,['noise_collapse']
19,0.3809588225518942,8.449961260917467e+54,0.015063986987823652,145.1553534456767,2,0.95
19,GP health BAD,0.3809588225518942
19,4D Chemical Yield,EI,RBF(length_scale=0.574),"{'length_scale': np.float64(0.5736747808545025), 'length_scale_bounds': (1e-05, 100000.0)}","[0.8548908310215265, 0.9756958335389184, 0.8842665461023457, 0.7021894351658057]",1874.3587732153094,0.3809588225518942,"[{'type': 'lengthscale_collapse', 'severity': 0.9, 'details': {'lengthscales': [1e-05]}}, {'type': 'kernel_singular', 'severity': 1.0, 'details': {'cond': np.float64(8.449961260917467e+54)}}]",{'acq': 'EI'}
20,GP health,0.5528692345752123,119.00964732325346,0.25267077622018325,6001780501.23217,1,0.8,['noise_collapse']
20,GP anomalies,Sum,"{'k1': 0.903**2 * RBF(length_scale=[0.622, 0.765, 0.813, 0.38]), 'k2': WhiteKernel(noise_level=1e-08), 'k1__k1': 0.903**2, 'k1__k2': RBF(length_scale=[0.622, 0.765, 0.813, 0.38]), 'k1__k1__constant_value': np.float64(0.8151746305677556), 'k1__k1__constant_value_bounds': (0.001, 1000.0), 'k1__k2__length_scale': array([0.62191812, 0.76520463, 0.81254934, 0.38021548]), 'k1__k2__length_scale_bounds': (0.007586910901050087, 7.586910901050087), 'k2__noise_level': np.float64(9.999999999999982e-09), 'k2__noise_level_bounds': (1e-08, np.float64(1035.1035463590079))}",1,0.8,['noise_collapse']
20,0.3809828185945846,1.5192212068502317e+59,0.015001000424542535,145.12036305000515,2,0.95
20,GP health BAD,0.3809828185945846
20,4D Chemical Yield,EI,RBF(length_scale=0.576),"{'length_scale': np.float64(0.5755993270383479), 'length_scale_bounds': (1e-05, 100000.0)}","[0.0, 1.0, 1.0, 1.0]",4440.522498856586,0.3809828185945846,"[{'type': 'lengthscale_collapse', 'severity': 0.9, 'details': {'lengthscales': [1e-05]}}, {'type': 'kernel_singular', 'severity': 1.0, 'details': {'cond': np.float64(1.5192212068502317e+59)}}]",{'acq': 'EI'}
21,GP health,0.5568254426492033,126.8266914003222,0.25300338400126626,20813449203.8135,1,0.8,['noise_collapse']
21,GP anomalies,Sum,"{'k1': 0.899**2 * RBF(length_scale=[0.622, 0.765, 0.813, 0.381]), 'k2': WhiteKernel(noise_level=1e-08), 'k1__k1': 0.899**2, 'k1__k2': RBF(length_scale=[0.622, 0.765, 0.813, 0.381]), 'k1__k1__constant_value': np.float64(0.8078885335157916), 'k1__k1__constant_value_bounds': (0.001, 1000.0), 'k1__k2__length_scale': array([0.62203216, 0.7649588 , 0.81343097, 0.38086481]), 'k1__k2__length_scale_bounds': (0.007526788001338217, 7.526788001338217), 'k2__noise_level': np.float64(9.999999999999982e-09), 'k2__noise_level_bounds': (1e-08, np.float64(1007.2667011446279))}",1,0.8,['noise_collapse']
21,0.38104736041296744,5.214946782121774e+53,0.01483160603488413,155.88142975813247,2,0.95
21,GP health BAD,0.38104736041296744
21,4D Chemical Yield,EI,RBF(length_scale=0.577),"{'length_scale': np.float64(0.5770678526535791), 'length_scale_bounds': (1e-05, 100000.0)}","[1.0, 1.0, 0.5615882754091899, 0.7985756708906502]",2084.776598719623,0.38104736041296744,"[{'type': 'lengthscale_collapse', 'severity': 0.9, 'details': {'lengthscales': [1e-05]}}, {'type': 'kernel_singular', 'severity': 1.0, 'details': {'cond': np.float64(5.214946782121774e+53)}}]",{'acq': 'EI'}
22,GP health,0.5572092581263175,126.91906770034659,0.25091995835726144,20450043921.58681,1,0.8,['noise_collapse']
22,GP anomalies,Sum,"{'k1': 0.905**2 * RBF(length_scale=[0.626, 0.764, 0.829, 0.382]), 'k2': WhiteKernel(noise_level=1e-08), 'k1__k1': 0.905**2, 'k1__k2': RBF(length_scale=[0.626, 0.764, 0.829, 0.382]), 'k1__k1__constant_value': np.float64(0.8196691493481283), 'k1__k1__constant_value_bounds': (0.001, 1000.0), 'k1__k2__length_scale': array([0.62605525, 0.76447908, 0.8292189 , 0.38168208]), 'k1__k2__length_scale_bounds': (0.007608738390736443, 7.608738390736443), 'k2__noise_level': np.float64(9.999999999999982e-09), 'k2__noise_level_bounds': (1e-08, np.float64(964.2663160407501))}",1,0.8,['noise_collapse']
22,0.3810684028433174,1.6226184928333342e+54,0.0147763849480891,156.02750976757375,2,0.95
22,GP health BAD,0.3810684028433174
22,4D Chemical Yield,EI,RBF(length_scale=0.579),"{'length_scale': np.float64(0.5787854036480357), 'length_scale_bounds': (1e-05, 100000.0)}","[0.0, 1.0, 1.0, 1.0]",4440.522498934108,0.3810684028433174,"[{'type': 'lengthscale_collapse', 'severity': 0.9, 'details': {'lengthscales': [1e-05]}}, {'type': 'kernel_singular', 'severity': 1.0, 'details': {'cond': np.float64(1.6226184928333342e+54)}}]",{'acq': 'EI'}
23,GP health,0.560971058491752,135.36559672224874,0.2511158109425287,20412860673.41431,1,0.8,['noise_collapse']
23,GP anomalies,Sum,"{'k1': 0.902**2 * RBF(length_scale=[0.626, 0.764, 0.83, 0.382]), 'k2': WhiteKernel(noise_level=1e-08), 'k1__k1': 0.902**2, 'k1__k2': RBF(length_scale=[0.626, 0.764, 0.83, 0.382]), 'k1__k1__constant_value': np.float64(0.8135771236993342), 'k1__k1__constant_value_bounds': (0.001, 1000.0), 'k1__k2__length_scale': array([0.62613265, 0.76435841, 0.83000871, 0.38228553]), 'k1__k2__length_scale_bounds': (0.0075491800622960355, 7.549180062296036), 'k2__noise_level': np.float64(9.999999999999982e-09), 'k2__noise_level_bounds': (1e-08, np.float64(937.6151071037758))}",1,0.8,['noise_collapse']
23,0.38113276391372014,6.826299568386757e+54,0.014607502838318577,166.76816310815428,2,0.95
23,GP health BAD,0.38113276391372014
23,4D Chemical Yield,EI,RBF(length_scale=0.58),"{'length_scale': np.float64(0.5800813510924535), 'length_scale_bounds': (1e-05, 100000.0)}","[0.0, 1.0, 1.0, 1.0]",4440.522498971775,0.38113276391372014,"[{'type': 'lengthscale_collapse', 'severity': 0.9, 'details': {'lengthscales': [1e-05]}}, {'type': 'kernel_singular', 'severity': 1.0, 'details': {'cond': np.float64(6.826299568386757e+54)}}]",{'acq': 'EI'}
24,GP health,0.564536773320123,143.7850017518318,0.25114071070029026,20419371739.403736,1,0.8,['noise_collapse']
24,GP anomalies,Sum,"{'k1': 0.9**2 * RBF(length_scale=[0.626, 0.764, 0.831, 0.383]), 'k2': WhiteKernel(noise_level=1e-08), 'k1__k1': 0.9**2, 'k1__k2': RBF(length_scale=[0.626, 0.764, 0.831, 0.383]), 'k1__k1__constant_value': np.float64(0.8091932824250198), 'k1__k1__constant_value_bounds': (0.001, 1000.0), 'k1__k2__length_scale': array([0.62623395, 0.76429772, 0.83088336, 0.38289911]), 'k1__k2__length_scale_bounds': (0.007488325337348418, 7.488325337348418), 'k2__noise_level': np.float64(9.999999999999982e-09), 'k2__noise_level_bounds': (1e-08, np.float64(910.9365314049865))}",1,0.8,['noise_collapse']
24,0.381199472064313,3.292016199232892e+54,0.014432492134022434,177.48013211971508,2,0.95
24,GP health BAD,0.381199472064313
24,4D Chemical Yield,EI,RBF(length_scale=0.581),"{'length_scale': np.float64(0.5811893690897041), 'length_scale_bounds': (1e-05, 100000.0)}","[0.0, 1.0, 1.0, 1.0]",4440.522499003862,0.381199472064313,"[{'type': 'lengthscale_collapse', 'severity': 0.9, 'details': {'lengthscales': [1e-05]}}, {'type': 'kernel_singular', 'severity': 1.0, 'details': {'cond': np.float64(3.292016199232892e+54)}}]",{'acq': 'EI'}
25,GP health,0.5679086685354113,152.18046429576913,0.25101746994626817,20461236515.47634,1,0.8,['noise_collapse']
25,GP anomalies,Sum,"{'k1': 0.898**2 * RBF(length_scale=[0.626, 0.764, 0.832, 0.384]), 'k2': WhiteKernel(noise_level=1e-08), 'k1__k1': 0.898**2, 'k1__k2': RBF(length_scale=[0.626, 0.764, 0.832, 0.384]), 'k1__k1__constant_value': np.float64(0.8063470977011443), 'k1__k1__constant_value_bounds': (0.001, 1000.0), 'k1__k2__length_scale': array([0.62637741, 0.76431352, 0.83182762, 0.38351943]), 'k1__k2__length_scale_bounds': (0.0074264585474553705, 7.42645854745537), 'k2__noise_level': np.float64(9.999999999999982e-09), 'k2__noise_level_bounds': (1e-08, np.float64(884.3631332116605))}",1,0.8,['noise_collapse']
25,0.3812678585619751,9.97622347236744e+54,0.014253110027803327,188.16697219929227,2,0.95
25,GP health BAD,0.3812678585619751
25,4D Chemical Yield,EI,RBF(length_scale=0.582),"{'length_scale': np.float64(0.5821440439675408), 'length_scale_bounds': (1e-05, 100000.0)}","[0.7780312941075772, 1.0, 0.97876410095738, 0.9866191294357614]",2779.7046034044897,0.3812678585619751,"[{'type': 'lengthscale_collapse', 'severity': 0.9, 'details': {'lengthscales': [1e-05]}}, {'type': 'kernel_singular', 'severity': 1.0, 'details': {'cond': np.float64(9.97622347236744e+54)}}]",{'acq': 'EI'}
26,GP health,0.5681186175912282,152.8615805546852,0.24940095294708833,22915857276.085148,1,0.8,['noise_collapse']
26,GP anomalies,Sum,"{'k1': 0.905**2 * RBF(length_scale=[0.609, 0.762, 0.84, 0.393]), 'k2': WhiteKernel(noise_level=1e-08), 'k1__k1': 0.905**2, 'k1__k2': RBF(length_scale=[0.609, 0.762, 0.84, 0.393]), 'k1__k1__constant_value': np.float64(0.8193800608212098), 'k1__k1__constant_value_bounds': (0.001, 1000.0), 'k1__k2__length_scale': array([0.60943438, 0.76203119, 0.83990844, 0.39312011]), 'k1__k2__length_scale_bounds': (0.007462143979725123, 7.462143979725123), 'k2__noise_level': np.float64(9.999999999999982e-09), 'k2__noise_level_bounds': (1e-08, np.float64(848.0755895985319))}",1,0.8,['noise_collapse']
26,0.3812755235352272,6.551183056717484e+53,0.01423300632371953,188.69240289575532,2,0.95
26,GP health BAD,0.3812755235352272
26,4D Chemical Yield,EI,RBF(length_scale=0.585),"{'length_scale': np.float64(0.5847955143591117), 'length_scale_bounds': (1e-05, 100000.0)}","[0.0, 1.0, 1.0, 1.0]",4440.522499080051,0.3812755235352272,"[{'type': 'lengthscale_collapse', 'severity': 0.9, 'details': {'lengthscales': [1e-05]}}, {'type': 'kernel_singular', 'severity': 1.0, 'details': {'cond': np.float64(6.551183056717484e+53)}}]",{'acq': 'EI'}
27,GP health,0.5713078367595263,161.23942787517436,0.24916958643895531,23003708371.99918,1,0.8,['noise_collapse']
27,GP anomalies,Sum,"{'k1': 0.904**2 * RBF(length_scale=[0.61, 0.762, 0.841, 0.394]), 'k2': WhiteKernel(noise_level=1e-08), 'k1__k1': 0.904**2, 'k1__k2': RBF(length_scale=[0.61, 0.762, 0.841, 0.394]), 'k1__k1__constant_value': np.float64(0.8172211649734868), 'k1__k1__constant_value_bounds': (0.001, 1000.0), 'k1__k2__length_scale': array([0.60963531, 0.76210626, 0.84068103, 0.39366276]), 'k1__k2__length_scale_bounds': (0.007400760302940378, 7.400760302940378), 'k2__noise_level': np.float64(9.999999999999982e-09), 'k2__noise_level_bounds': (1e-08, np.float64(822.822319214809))}",1,0.8,['noise_collapse']
27,0.381343368333999,2.0301495328595855e+59,0.014055080495565708,199.3613800621677,2,0.95
27,GP health BAD,0.381343368333999
27,4D Chemical Yield,EI,RBF(length_scale=0.586),"{'length_scale': np.float64(0.5855851078081371), 'length_scale_bounds': (1e-05, 100000.0)}","[0.0, 1.0, 1.0, 1.0]",4440.522499103028,0.381343368333999,"[{'type': 'lengthscale_collapse', 'severity': 0.9, 'details': {'lengthscales': [1e-05]}}, {'type': 'kernel_singular', 'severity': 1.0, 'details': {'cond': np.float64(2.0301495328595855e+59)}}]",{'acq': 'EI'}
28,GP health,0.5743122332144464,169.59835516466043,0.24882970494795048,23123554486.32962,1,0.8,['noise_collapse']
28,GP anomalies,Sum,"{'k1': 0.903**2 * RBF(length_scale=[0.61, 0.762, 0.842, 0.394]), 'k2': WhiteKernel(noise_level=1e-08), 'k1__k1': 0.903**2, 'k1__k2': RBF(length_scale=[0.61, 0.762, 0.842, 0.394]), 'k1__k1__constant_value': np.float64(0.8161889928249764), 'k1__k1__constant_value_bounds': (0.001, 1000.0), 'k1__k2__length_scale': array([0.60984792, 0.76222892, 0.84150013, 0.39421155]), 'k1__k2__length_scale_bounds': (0.007338815880777199, 7.338815880777199), 'k2__noise_level': np.float64(9.999999999999982e-09), 'k2__noise_level_bounds': (1e-08, np.float64(797.8680370356271))}",1,0.8,['noise_collapse']
28,0.3814120461263095,7.390019886212509e+69,0.01387500234418428,210.01063020416447,2,0.95
28,GP health BAD,0.3814120461263095
28,4D Chemical Yield,EI,RBF(length_scale=0.586),"{'length_scale': np.float64(0.5862524484520165), 'length_scale_bounds': (1e-05, 100000.0)}","[0.0, 1.0, 1.0, 1.0]",4440.522499120426,0.3814120461263095,"[{'type': 'lengthscale_collapse', 'severity': 0.9, 'details': {'lengthscales': [1e-05]}}, {'type': 'kernel_singular', 'severity': 1.0, 'details': {'cond': np.float64(7.390019886212509e+69)}}]",{'acq': 'EI'}
29,GP health,0.5771379334881586,177.9403756735091,0.24839526526655492,23276004746.6431,1,0.8,['noise_collapse']
29,GP anomalies,Sum,"{'k1': 0.903**2 * RBF(length_scale=[0.61, 0.762, 0.842, 0.395]), 'k2': WhiteKernel(noise_level=1e-08), 'k1__k1': 0.903**2, 'k1__k2': RBF(length_scale=[0.61, 0.762, 0.842, 0.395]), 'k1__k1__constant_value': np.float64(0.8161231125902154), 'k1__k1__constant_value_bounds': (0.001, 1000.0), 'k1__k2__length_scale': array([0.61007178, 0.76237922, 0.8423665 , 0.39475888]), 'k1__k2__length_scale_bounds': (0.0072764903716887016, 7.276490371688702), 'k2__noise_level': np.float64(9.999999999999982e-09), 'k2__noise_level_bounds': (1e-08, np.float64(773.2784861209118))}",1,0.8,['noise_collapse']
29,0.3814812269713007,1.1193394887510733e+56,0.013693637931571395,220.64232741687067,2,0.95
29,GP health BAD,0.3814812269713007
29,4D Chemical Yield,EI,RBF(length_scale=0.587),"{'length_scale': np.float64(0.5868072461206929), 'length_scale_bounds': (1e-05, 100000.0)}","[0.0, 1.0, 1.0, 1.0]",4440.522499136439,0.3814812269713007,"[{'type': 'lengthscale_collapse', 'severity': 0.9, 'details': {'lengthscales': [1e-05]}}, {'type': 'kernel_singular', 'severity': 1.0, 'details': {'cond': np.float64(1.1193394887510733e+56)}}]",{'acq': 'EI'}
30,GP health,0.5797896422316458,187.23002223316223,0.2478783164819756,7589719341.494551,1,0.8,['noise_collapse']
30,GP anomalies,Sum,"{'k1': 0.904**2 * RBF(length_scale=[0.61, 0.763, 0.843, 0.395]), 'k2': WhiteKernel(noise_level=1e-08), 'k1__k1': 0.904**2, 'k1__k2': RBF(length_scale=[0.61, 0.763, 0.843, 0.395]), 'k1__k1__constant_value': np.float64(0.8169832415954169), 'k1__k1__constant_value_bounds': (0.001, 1000.0), 'k1__k2__length_scale': array([0.61031663, 0.76257536, 0.84327116, 0.395302  ]), 'k1__k2__length_scale_bounds': (0.007213940326971844, 7.213940326971844), 'k2__noise_level': np.float64(9.999999999999982e-09), 'k2__noise_level_bounds': (1e-08, np.float64(749.106580324354))}",1,0.8,['noise_collapse']
30,0.3815505509357383,2.046696153621514e+69,0.013511931306407031,233.2610161003821,2,0.95
30,GP health BAD,0.3815505509357383
30,4D Chemical Yield,EI,"RBF(length_scale=1.54) * Matern(length_scale=1.43, nu=1.5)","{'k1': RBF(length_scale=1.54), 'k2': Matern(length_scale=1.43, nu=1.5), 'k1__length_scale': np.float64(1.542636297961589), 'k1__length_scale_bounds': (1e-05, 100000.0), 'k2__length_scale': np.float64(1.4303026700662964), 'k2__length_scale_bounds': (1e-05, 100000.0), 'k2__nu': 1.5}","[0.0, 1.0, 1.0, 0.9722881845480583]",4221.374869540988,0.3815505509357383,"[{'type': 'lengthscale_collapse', 'severity': 0.9, 'details': {'lengthscales': [1e-05]}}, {'type': 'kernel_singular', 'severity': 1.0, 'details': {'cond': np.float64(2.046696153621514e+69)}}]",{'acq': 'EI'}
