1,GP health,0.5146297027854031,-11.601415802041796,0.1190148408118037,1753753628.2611516,1,0.8,['noise_collapse']
1,GP anomalies,Sum,"{'k1': 1.09**2 * RBF(length_scale=[0.032, 7.48, 7.48, 2.27]), 'k2': WhiteKernel(noise_level=1e-08), 'k1__k1': 1.09**2, 'k1__k2': RBF(length_scale=[0.032, 7.48, 7.48, 2.27]), 'k1__k1__constant_value': np.float64(1.19079244054719), 'k1__k1__constant_value_bounds': (0.001, 1000.0), 'k1__k2__length_scale': array([0.03198595, 7.4758372 , 7.4758372 , 2.27343279]), 'k1__k2__length_scale_bounds': (0.00747583719957631, 7.47583719957631), 'k2__noise_level': np.float64(9.999999999999982e-09), 'k2__noise_level_bounds': (1e-08, np.float64(847.9239792949894))}",1,0.8,['noise_collapse']
1,0.38354508932714304,22390329432761.977,0.008298091873125368,-17.642505764403456,2,0.95
1,GP health BAD,0.38354508932714304
1,4D Chemical Yield,EI,"RBF(length_scale=0.886) + Matern(length_scale=0.526, nu=1.5)","{'k1': RBF(length_scale=0.886), 'k2': Matern(length_scale=0.526, nu=1.5), 'k1__length_scale': np.float64(0.8859679787123618), 'k1__length_scale_bounds': (1e-05, 100000.0), 'k2__length_scale': np.float64(0.525675491082912), 'k2__length_scale_bounds': (1e-05, 100000.0), 'k2__nu': 1.5}","[0.0, 1.0, 1.0, 1.0]",3911.3066509108994,0.38354508932714304,"[{'type': 'lengthscale_collapse', 'severity': 0.9, 'details': {'lengthscales': [1e-05]}}, {'type': 'kernel_singular', 'severity': 1.0, 'details': {'cond': np.float64(22390329432761.977)}}]",{'acq': 'EI'}
2,GP health,0.512912685078704,-5.332235258609863,0.14749699741755232,1301443083.2150323,1,0.8,['noise_collapse']
2,GP anomalies,Sum,"{'k1': 1.03**2 * RBF(length_scale=[0.281, 7.62, 7.62, 0.154]), 'k2': WhiteKernel(noise_level=1e-08), 'k1__k1': 1.03**2, 'k1__k2': RBF(length_scale=[0.281, 7.62, 7.62, 0.154]), 'k1__k1__constant_value': np.float64(1.052198735572946), 'k1__k1__constant_value_bounds': (0.001, 1000.0), 'k1__k2__length_scale': array([0.28081601, 7.62434405, 7.62434405, 0.15354076]), 'k1__k2__length_scale_bounds': (0.0076243440500423755, 7.624344050042375), 'k2__noise_level': np.float64(9.999999999999982e-09), 'k2__noise_level_bounds': (1e-08, np.float64(1016.030290650933))}",1,0.8,['noise_collapse']
2,0.38278331352704154,12513835070953.443,0.01028621093065117,-14.91676392627414,2,0.95
2,GP health BAD,0.38278331352704154
2,4D Chemical Yield,EI,RBF(length_scale=0.334),"{'length_scale': np.float64(0.3337610075074506), 'length_scale_bounds': (1e-05, 100000.0)}","[0.04583726606047436, 1.0, 1.0, 1.0]",3932.363954294335,0.38278331352704154,"[{'type': 'lengthscale_collapse', 'severity': 0.9, 'details': {'lengthscales': [1e-05]}}, {'type': 'kernel_singular', 'severity': 1.0, 'details': {'cond': np.float64(12513835070953.443)}}]",{'acq': 'EI'}
3,GP health,0.5149031149423156,-0.22524408687639053,0.16848144653377375,1147103583.6098702,1,0.8,['noise_collapse']
3,GP anomalies,Sum,"{'k1': 0.894**2 * RBF(length_scale=[0.285, 7.72, 7.72, 0.153]), 'k2': WhiteKernel(noise_level=1e-08), 'k1__k1': 0.894**2, 'k1__k2': RBF(length_scale=[0.285, 7.72, 7.72, 0.153]), 'k1__k1__constant_value': np.float64(0.8000916712792217), 'k1__k1__constant_value_bounds': (0.001, 1000.0), 'k1__k2__length_scale': array([0.28491418, 7.72053931, 7.72053931, 0.15252652]), 'k1__k2__length_scale_bounds': (0.007720539307232242, 7.720539307232242), 'k2__noise_level': np.float64(9.999999999999982e-09), 'k2__noise_level_bounds': (1e-08, np.float64(1122.1576654603623))}",1,0.8,['noise_collapse']
3,0.3822219229527483,21001187119663.34,0.011753888923679774,-9.454195879802509,2,0.95
3,GP health BAD,0.3822219229527483
3,4D Chemical Yield,EI,RBF(length_scale=0.363),"{'length_scale': np.float64(0.3626998692606447), 'length_scale_bounds': (1e-05, 100000.0)}","[0.0, 0.9206577767629812, 1.0, 1.0]",3616.763445760353,0.3822219229527483,"[{'type': 'lengthscale_collapse', 'severity': 0.9, 'details': {'lengthscales': [1e-05]}}, {'type': 'kernel_singular', 'severity': 1.0, 'details': {'cond': np.float64(21001187119663.34)}}]",{'acq': 'EI'}
4,GP health,0.5098153332945153,-0.28122196134905764,0.1813079281455495,926106660.1916963,1,0.8,['noise_collapse']
4,GP anomalies,Sum,"{'k1': 0.814**2 * RBF(length_scale=[3.02, 0.322, 0.179, 0.836]), 'k2': WhiteKernel(noise_level=1e-08), 'k1__k1': 0.814**2, 'k1__k2': RBF(length_scale=[3.02, 0.322, 0.179, 0.836]), 'k1__k1__constant_value': np.float64(0.6626917177863466), 'k1__k1__constant_value_bounds': (0.001, 1000.0), 'k1__k2__length_scale': array([3.02212954, 0.32199036, 0.17895306, 0.83612192]), 'k1__k2__length_scale_bounds': (0.007784211407622678, 7.784211407622678), 'k2__noise_level': np.float64(9.999999999999982e-09), 'k2__noise_level_bounds': (1e-08, np.float64(1167.6351424170884))}",1,0.8,['noise_collapse']
4,0.3818783315091553,29721561403040.67,0.012653225011437504,-6.690511107916034,2,0.95
4,GP health BAD,0.3818783315091553
4,4D Chemical Yield,EI,RBF(length_scale=0.38),"{'length_scale': np.float64(0.37963991770998545), 'length_scale_bounds': (1e-05, 100000.0)}","[0.03590871922184412, 1.0, 1.0, 1.0]",3932.8159238443923,0.3818783315091553,"[{'type': 'lengthscale_collapse', 'severity': 0.9, 'details': {'lengthscales': [1e-05]}}, {'type': 'kernel_singular', 'severity': 1.0, 'details': {'cond': np.float64(29721561403040.67)}}]",{'acq': 'EI'}
5,GP health,0.49010174640031057,4.77447342708448,0.1946714957882833,2052569738.9362595,1,0.8,['noise_collapse']
5,GP anomalies,Sum,"{'k1': 1.06**2 * Matern(length_scale=[0.998, 1.43, 1.59, 0.55], nu=1.5), 'k2': WhiteKernel(noise_level=1e-08), 'k1__k1': 1.06**2, 'k1__k2': Matern(length_scale=[0.998, 1.43, 1.59, 0.55], nu=1.5), 'k1__k1__constant_value': np.float64(1.1299665687848819), 'k1__k1__constant_value_bounds': (0.001, 1000.0), 'k1__k2__length_scale': array([0.99804811, 1.42697937, 1.59163096, 0.5503446 ]), 'k1__k2__length_scale_bounds': (0.007829596639925235, 7.829596639925236), 'k1__k2__nu': np.float64(1.5), 'k2__noise_level': np.float64(9.999999999999982e-09), 'k2__noise_level_bounds': (1e-08, np.float64(1212.249755055961))}",1,0.8,['noise_collapse']
5,0.38152065312859085,54931234742238.14,0.013590293081831175,0.8084589269643558,2,0.95
5,GP health BAD,0.38152065312859085
5,4D Chemical Yield,EI,RBF(length_scale=0.396),"{'length_scale': np.float64(0.39642165183644956), 'length_scale_bounds': (1e-05, 100000.0)}","[0.0, 1.0, 0.962988685299007, 0.5316174356307368]",1336.7939823709546,0.38152065312859085,"[{'type': 'lengthscale_collapse', 'severity': 0.9, 'details': {'lengthscales': [1e-05]}}, {'type': 'kernel_singular', 'severity': 1.0, 'details': {'cond': np.float64(54931234742238.14)}}]",{'acq': 'EI'}
6,GP health,0.5132667650040409,4.143966472954901,0.19195036838335927,950674916.4444326,2,0.7,"['noise_collapse', 'heteroscedasticity']"
6,GP anomalies,Sum,"{'k1': 0.673**2 * RBF(length_scale=[0.395, 0.537, 0.377, 0.224]), 'k2': WhiteKernel(noise_level=1e-08), 'k1__k1': 0.673**2, 'k1__k2': RBF(length_scale=[0.395, 0.537, 0.377, 0.224]), 'k1__k1__constant_value': np.float64(0.45354482190887047), 'k1__k1__constant_value_bounds': (0.001, 1000.0), 'k1__k2__length_scale': array([0.39452073, 0.53661717, 0.37738596, 0.22422732]), 'k1__k2__length_scale_bounds': (0.007859574505357233, 7.859574505357233), 'k2__noise_level': np.float64(9.999999999999982e-09), 'k2__noise_level_bounds': (1e-08, np.float64(1155.8554071975059))}",2,0.7,"['noise_collapse', 'heteroscedasticity']"
6,0.3815912484614793,63981977083502.4,0.013405273472144215,0.05288802669393533,2,0.95
6,GP health BAD,0.3815912484614793
6,4D Chemical Yield,EI,RBF(length_scale=0.397),"{'length_scale': np.float64(0.3971202120371493), 'length_scale_bounds': (1e-05, 100000.0)}","[0.0, 1.0, 0.9446594954794765, 1.0]",3729.3409245730927,0.3815912484614793,"[{'type': 'lengthscale_collapse', 'severity': 0.9, 'details': {'lengthscales': [1e-05]}}, {'type': 'kernel_singular', 'severity': 1.0, 'details': {'cond': np.float64(63981977083502.4)}}]",{'acq': 'EI'}
7,GP health,0.5131105843355874,7.799244201109872,0.2008994721344267,922147129.6934595,1,0.8,['noise_collapse']
7,GP anomalies,Sum,"{'k1': 0.651**2 * RBF(length_scale=[0.394, 0.547, 0.386, 0.233]), 'k2': WhiteKernel(noise_level=1e-08), 'k1__k1': 0.651**2, 'k1__k2': RBF(length_scale=[0.394, 0.547, 0.386, 0.233]), 'k1__k1__constant_value': np.float64(0.4234105811173083), 'k1__k1__constant_value_bounds': (0.001, 1000.0), 'k1__k2__length_scale': array([0.3938515 , 0.54748128, 0.38638041, 0.23284473]), 'k1__k2__length_scale_bounds': (0.007874139763642863, 7.874139763642862), 'k2__noise_level': np.float64(9.999999999999982e-09), 'k2__noise_level_bounds': (1e-08, np.float64(1169.7928641130068))}",1,0.8,['noise_collapse']
7,0.3813512022887773,99437257173333.67,0.01403453765946774,3.311877944344573,2,0.95
7,GP health BAD,0.3813512022887773
7,4D Chemical Yield,EI,RBF(length_scale=0.408),"{'length_scale': np.float64(0.40807624977726714), 'length_scale_bounds': (1e-05, 100000.0)}","[0.039605374542097414, 1.0, 1.0, 1.0]",3932.9714664507055,0.3813512022887773,"[{'type': 'lengthscale_collapse', 'severity': 0.9, 'details': {'lengthscales': [1e-05]}}, {'type': 'kernel_singular', 'severity': 1.0, 'details': {'cond': np.float64(99437257173333.67)}}]",{'acq': 'EI'}
8,GP health,0.5176039657237713,15.587933102472068,0.20980005070690316,2110721585.178314,2,0.7,"['noise_collapse', 'heteroscedasticity']"
8,GP anomalies,Sum,"{'k1': 0.635**2 * RBF(length_scale=[0.393, 0.557, 0.392, 0.237]), 'k2': WhiteKernel(noise_level=1e-08), 'k1__k1': 0.635**2, 'k1__k2': RBF(length_scale=[0.393, 0.557, 0.392, 0.237]), 'k1__k1__constant_value': np.float64(0.40265242065676626), 'k1__k1__constant_value_bounds': (0.001, 1000.0), 'k1__k2__length_scale': array([0.39301542, 0.55662469, 0.39191513, 0.2367555 ]), 'k1__k2__length_scale_bounds': (0.007873734903601966, 7.8737349036019655), 'k2__noise_level': np.float64(9.999999999999982e-09), 'k2__noise_level_bounds': (1e-08, np.float64(1181.8951622119243))}",2,0.7,"['noise_collapse', 'heteroscedasticity']"
8,0.3811940247716162,131563369193839.4,0.014446782110837547,14.603736278375525,2,0.95
8,GP health BAD,0.3811940247716162
8,4D Chemical Yield,EI,RBF(length_scale=0.416),"{'length_scale': np.float64(0.41554388108767143), 'length_scale_bounds': (1e-05, 100000.0)}","[0.0, 0.6889087751713074, 1.0, 1.0]",2512.5751146802213,0.3811940247716162,"[{'type': 'lengthscale_collapse', 'severity': 0.9, 'details': {'lengthscales': [1e-05]}}, {'type': 'kernel_singular', 'severity': 1.0, 'details': {'cond': np.float64(131563369193839.4)}}]",{'acq': 'EI'}
9,GP health,0.5177573688352066,16.509058625395923,0.20952140112105902,2212568613.6262827,2,0.7,"['noise_collapse', 'heteroscedasticity']"
9,GP anomalies,Sum,"{'k1': 0.631**2 * RBF(length_scale=[0.392, 0.568, 0.389, 0.237]), 'k2': WhiteKernel(noise_level=1e-08), 'k1__k1': 0.631**2, 'k1__k2': RBF(length_scale=[0.392, 0.568, 0.389, 0.237]), 'k1__k1__constant_value': np.float64(0.3978557560301292), 'k1__k1__constant_value_bounds': (0.001, 1000.0), 'k1__k2__length_scale': array([0.39226574, 0.56756647, 0.38926721, 0.23689664]), 'k1__k2__length_scale_bounds': (0.007865096389789413, 7.865096389789413), 'k2__noise_level': np.float64(9.999999999999982e-09), 'k2__noise_level_bounds': (1e-08, np.float64(1141.374254032684))}",2,0.7,"['noise_collapse', 'heteroscedasticity']"
9,0.3811978772953687,174490798768815.6,0.014436675697739152,15.080233191971153,2,0.95
9,GP health BAD,0.3811978772953687
9,4D Chemical Yield,EI,RBF(length_scale=0.418),"{'length_scale': np.float64(0.4183782858813535), 'length_scale_bounds': (1e-05, 100000.0)}","[0.7589454761084888, 0.7793165468815754, 0.6863213114048446, 0.9270728454295373]",456.6870704716032,0.3811978772953687,"[{'type': 'lengthscale_collapse', 'severity': 0.9, 'details': {'lengthscales': [1e-05]}}, {'type': 'kernel_singular', 'severity': 1.0, 'details': {'cond': np.float64(174490798768815.6)}}]",{'acq': 'EI'}
10,GP health,0.5181961872015459,17.953944453960325,0.2058757045578935,850449931.5942999,2,0.7,"['noise_collapse', 'heteroscedasticity']"
10,GP anomalies,Sum,"{'k1': 0.627**2 * RBF(length_scale=[0.39, 0.568, 0.389, 0.236]), 'k2': WhiteKernel(noise_level=1e-08), 'k1__k1': 0.627**2, 'k1__k2': RBF(length_scale=[0.39, 0.568, 0.389, 0.236]), 'k1__k1__constant_value': np.float64(0.3926222728107367), 'k1__k1__constant_value_bounds': (0.001, 1000.0), 'k1__k2__length_scale': array([0.38981288, 0.56822571, 0.38923587, 0.2363612 ]), 'k1__k2__length_scale_bounds': (0.007855427668812956, 7.855427668812957), 'k2__noise_level': np.float64(9.999999999999982e-09), 'k2__noise_level_bounds': (1e-08, np.float64(1091.5393184328811))}",2,0.7,"['noise_collapse', 'heteroscedasticity']"
10,0.3812558206739051,181111236419845.75,0.014284683835669807,14.517289424768045,2,0.95
10,GP health BAD,0.3812558206739051
10,4D Chemical Yield,EI,RBF(length_scale=0.42),"{'length_scale': np.float64(0.4196398462253776), 'length_scale_bounds': (1e-05, 100000.0)}","[0.0, 1.0, 0.6628343995314373, 1.0]",2406.144441788533,0.3812558206739051,"[{'type': 'lengthscale_collapse', 'severity': 0.9, 'details': {'lengthscales': [1e-05]}}, {'type': 'kernel_singular', 'severity': 1.0, 'details': {'cond': np.float64(181111236419845.75)}}]",{'acq': 'EI'}
11,GP health,0.5174921189923444,17.0349152369443,0.20656841079665136,2299716507.1249027,1,0.8,['noise_collapse']
11,GP anomalies,Sum,"{'k1': 0.636**2 * RBF(length_scale=[0.386, 0.571, 0.414, 0.238]), 'k2': WhiteKernel(noise_level=1e-08), 'k1__k1': 0.636**2, 'k1__k2': RBF(length_scale=[0.386, 0.571, 0.414, 0.238]), 'k1__k1__constant_value': np.float64(0.40472613223163295), 'k1__k1__constant_value_bounds': (0.001, 1000.0), 'k1__k2__length_scale': array([0.38630512, 0.57122594, 0.41425887, 0.23846713]), 'k1__k2__length_scale_bounds': (0.007842009654595338, 7.842009654595338), 'k2__noise_level': np.float64(9.999999999999982e-09), 'k2__noise_level_bounds': (1e-08, np.float64(1052.304436570279))}",1,0.8,['noise_collapse']
11,0.3812694591920771,242291562479243.75,0.014248911859229094,15.120418304463932,2,0.95
11,GP health BAD,0.3812694591920771
11,4D Chemical Yield,EI,RBF(length_scale=0.422),"{'length_scale': np.float64(0.4223765041895869), 'length_scale_bounds': (1e-05, 100000.0)}","[0.5140118198982092, 0.8490205010986396, 0.1731863886039442, 0.6873375797431999]",631.7324590222897,0.3812694591920771,"[{'type': 'lengthscale_collapse', 'severity': 0.9, 'details': {'lengthscales': [1e-05]}}, {'type': 'kernel_singular', 'severity': 1.0, 'details': {'cond': np.float64(242291562479243.75)}}]",{'acq': 'EI'}
12,GP health,0.5175039030233253,15.979771010026859,0.20419164215321425,2429968273.4476867,1,0.8,['noise_collapse']
12,GP anomalies,Sum,"{'k1': 0.64**2 * RBF(length_scale=[0.383, 0.551, 0.419, 0.242]), 'k2': WhiteKernel(noise_level=1e-08), 'k1__k1': 0.64**2, 'k1__k2': RBF(length_scale=[0.383, 0.551, 0.419, 0.242]), 'k1__k1__constant_value': np.float64(0.4093286728765739), 'k1__k1__constant_value_bounds': (0.001, 1000.0), 'k1__k2__length_scale': array([0.38332575, 0.55067806, 0.41858861, 0.24209857]), 'k1__k2__length_scale_bounds': (0.00783710546309205, 7.83710546309205), 'k2__noise_level': np.float64(9.999999999999982e-09), 'k2__noise_level_bounds': (1e-08, np.float64(1005.9078005210955))}",1,0.8,['noise_collapse']
12,0.38132879718439583,249744801928711.6,0.014093291276721084,14.800678222365974,2,0.95
12,GP health BAD,0.38132879718439583
12,4D Chemical Yield,EI,RBF(length_scale=0.423),"{'length_scale': np.float64(0.42341186973526146), 'length_scale_bounds': (1e-05, 100000.0)}","[0.7356503333211857, 1.0, 0.17604202222499588, 0.7995491006175769]",1220.0396575165607,0.38132879718439583,"[{'type': 'lengthscale_collapse', 'severity': 0.9, 'details': {'lengthscales': [1e-05]}}, {'type': 'kernel_singular', 'severity': 1.0, 'details': {'cond': np.float64(249744801928711.6)}}]",{'acq': 'EI'}
13,GP health,0.5174401929932723,17.44587961788787,0.20041728870288023,1016287658.6373475,1,0.8,['noise_collapse']
13,GP anomalies,Sum,"{'k1': 0.645**2 * RBF(length_scale=[0.387, 0.542, 0.422, 0.245]), 'k2': WhiteKernel(noise_level=1e-08), 'k1__k1': 0.645**2, 'k1__k2': RBF(length_scale=[0.387, 0.542, 0.422, 0.245]), 'k1__k1__constant_value': np.float64(0.41642562575170244), 'k1__k1__constant_value_bounds': (0.001, 1000.0), 'k1__k2__length_scale': array([0.38740536, 0.54211119, 0.42220019, 0.24482728]), 'k1__k2__length_scale_bounds': (0.007890584316974713, 7.890584316974714), 'k2__noise_level': np.float64(9.999999999999982e-09), 'k2__noise_level_bounds': (1e-08, np.float64(960.4264326911685))}",1,0.8,['noise_collapse']
13,0.38139384628837775,251357238457964.94,0.013922720480911236,14.227708816642071,2,0.95
13,GP health BAD,0.38139384628837775
13,4D Chemical Yield,EI,RBF(length_scale=0.424),"{'length_scale': np.float64(0.4236534204402512), 'length_scale_bounds': (1e-05, 100000.0)}","[0.8115029556281015, 0.9944496614541203, 0.26452141217216724, 0.5003279907670866]",959.1097087279684,0.38139384628837775,"[{'type': 'lengthscale_collapse', 'severity': 0.9, 'details': {'lengthscales': [1e-05]}}, {'type': 'kernel_singular', 'severity': 1.0, 'details': {'cond': np.float64(251357238457964.94)}}]",{'acq': 'EI'}
14,GP health,0.5175203097666512,17.03120100858149,0.19799874296647765,1064051148.543927,1,0.8,['noise_collapse']
14,GP anomalies,Sum,"{'k1': 0.649**2 * RBF(length_scale=[0.389, 0.548, 0.42, 0.248]), 'k2': WhiteKernel(noise_level=1e-08), 'k1__k1': 0.649**2, 'k1__k2': RBF(length_scale=[0.389, 0.548, 0.42, 0.248]), 'k1__k1__constant_value': np.float64(0.4216222953398246), 'k1__k1__constant_value_bounds': (0.001, 1000.0), 'k1__k2__length_scale': array([0.38850339, 0.54750892, 0.41992356, 0.24776821]), 'k1__k2__length_scale_bounds': (0.007934342708247562, 7.934342708247563), 'k2__noise_level': np.float64(9.999999999999982e-09), 'k2__noise_level_bounds': (1e-08, np.float64(917.4164404119933))}",1,0.8,['noise_collapse']
14,0.38145600739084334,259720837055714.9,0.01375974974085441,13.742545214339074,2,0.95
14,GP health BAD,0.38145600739084334
14,4D Chemical Yield,EI,RBF(length_scale=0.424),"{'length_scale': np.float64(0.42430342864584375), 'length_scale_bounds': (1e-05, 100000.0)}","[1.0, 0.7072321447066691, 0.2405199402589417, 0.7210927007702453]",684.4263385798195,0.38145600739084334,"[{'type': 'lengthscale_collapse', 'severity': 0.9, 'details': {'lengthscales': [1e-05]}}, {'type': 'kernel_singular', 'severity': 1.0, 'details': {'cond': np.float64(259720837055714.9)}}]",{'acq': 'EI'}
15,GP health,0.5178441457064145,15.045411476136017,0.19696077294837233,3138858785.7941947,1,0.8,['noise_collapse']
15,GP anomalies,Sum,"{'k1': 0.649**2 * RBF(length_scale=[0.391, 0.548, 0.418, 0.248]), 'k2': WhiteKernel(noise_level=1e-08), 'k1__k1': 0.649**2, 'k1__k2': RBF(length_scale=[0.391, 0.548, 0.418, 0.248]), 'k1__k1__constant_value': np.float64(0.42152472112375305), 'k1__k1__constant_value_bounds': (0.001, 1000.0), 'k1__k2__length_scale': array([0.39129008, 0.54800805, 0.41844219, 0.24801327]), 'k1__k2__length_scale_bounds': (0.00798769979846614, 7.987699798466139), 'k2__noise_level': np.float64(9.999999999999982e-09), 'k2__noise_level_bounds': (1e-08, np.float64(877.4877407613008))}",1,0.8,['noise_collapse']
15,0.3815108080002521,265450099860434.28,0.013616098383029988,13.261494749839144,2,0.95
15,GP health BAD,0.3815108080002521
15,4D Chemical Yield,EI,RBF(length_scale=0.425),"{'length_scale': np.float64(0.4249556787642359), 'length_scale_bounds': (1e-05, 100000.0)}","[0.9027890550571639, 0.9776739166518784, 0.6052081659996532, 0.7925474428933509]",1075.4241060067375,0.3815108080002521,"[{'type': 'lengthscale_collapse', 'severity': 0.9, 'details': {'lengthscales': [1e-05]}}, {'type': 'kernel_singular', 'severity': 1.0, 'details': {'cond': np.float64(265450099860434.28)}}]",{'acq': 'EI'}
16,GP health,0.5180211612203887,16.67163719198247,0.1935734778460564,1132664161.312359,1,0.8,['noise_collapse']
16,GP anomalies,Sum,"{'k1': 0.652**2 * RBF(length_scale=[0.393, 0.55, 0.418, 0.25]), 'k2': WhiteKernel(noise_level=1e-08), 'k1__k1': 0.652**2, 'k1__k2': RBF(length_scale=[0.393, 0.55, 0.418, 0.25]), 'k1__k1__constant_value': np.float64(0.4253661800133528), 'k1__k1__constant_value_bounds': (0.001, 1000.0), 'k1__k2__length_scale': array([0.39333241, 0.54984123, 0.41777605, 0.2496676 ]), 'k1__k2__length_scale_bounds': (0.008002378211035334, 8.002378211035335), 'k2__noise_level': np.float64(9.999999999999982e-09), 'k2__noise_level_bounds': (1e-08, np.float64(838.5632974949725))}",1,0.8,['noise_collapse']
16,0.3815696759494619,269731257773993.75,0.013461808106801379,12.874856673023643,2,0.95
16,GP health BAD,0.3815696759494619
16,4D Chemical Yield,EI,RBF(length_scale=0.426),"{'length_scale': np.float64(0.42559835335476554), 'length_scale_bounds': (1e-05, 100000.0)}","[0.5080115554036115, 1.0, 1.0, 1.0]",2004.5032757544413,0.3815696759494619,"[{'type': 'lengthscale_collapse', 'severity': 0.9, 'details': {'lengthscales': [1e-05]}}, {'type': 'kernel_singular', 'severity': 1.0, 'details': {'cond': np.float64(269731257773993.75)}}]",{'acq': 'EI'}
17,GP health,0.5178966368389556,14.490608115227467,0.1933485942532268,2877894235.6665998,2,0.7,"['noise_collapse', 'heteroscedasticity']"
17,GP anomalies,Sum,"{'k1': 0.655**2 * RBF(length_scale=[0.404, 0.549, 0.408, 0.253]), 'k2': WhiteKernel(noise_level=1e-08), 'k1__k1': 0.655**2, 'k1__k2': RBF(length_scale=[0.404, 0.549, 0.408, 0.253]), 'k1__k1__constant_value': np.float64(0.4286555212288287), 'k1__k1__constant_value_bounds': (0.001, 1000.0), 'k1__k2__length_scale': array([0.40362044, 0.54928736, 0.4082795 , 0.25250433]), 'k1__k2__length_scale_bounds': (0.008000771242056235, 8.000771242056235), 'k2__noise_level': np.float64(9.999999999999982e-09), 'k2__noise_level_bounds': (1e-08, np.float64(805.448284682455))}",2,0.7,"['noise_collapse', 'heteroscedasticity']"
17,0.3816079099061697,289110282138402.5,0.013361611357189248,13.044186773708468,2,0.95
17,GP health BAD,0.3816079099061697
17,4D Chemical Yield,EI,RBF(length_scale=0.427),"{'length_scale': np.float64(0.4273981138618496), 'length_scale_bounds': (1e-05, 100000.0)}","[0.880769900251663, 0.7814824864928592, 0.2558944720042202, 0.9885676847259315]",922.1084956464108,0.3816079099061697,"[{'type': 'lengthscale_collapse', 'severity': 0.9, 'details': {'lengthscales': [1e-05]}}, {'type': 'kernel_singular', 'severity': 1.0, 'details': {'cond': np.float64(289110282138402.5)}}]",{'acq': 'EI'}
18,GP health,0.5180986467005475,16.623224992233915,0.19018882791649824,1206855930.4984508,2,0.7,"['noise_collapse', 'heteroscedasticity']"
18,GP anomalies,Sum,"{'k1': 0.655**2 * RBF(length_scale=[0.404, 0.547, 0.409, 0.254]), 'k2': WhiteKernel(noise_level=1e-08), 'k1__k1': 0.655**2, 'k1__k2': RBF(length_scale=[0.404, 0.547, 0.409, 0.254]), 'k1__k1__constant_value': np.float64(0.42939535830791914), 'k1__k1__constant_value_bounds': (0.001, 1000.0), 'k1__k2__length_scale': array([0.40405809, 0.54720018, 0.40856357, 0.2543635 ]), 'k1__k2__length_scale_bounds': (0.008029574257914668, 8.029574257914668), 'k2__noise_level': np.float64(9.999999999999982e-09), 'k2__noise_level_bounds': (1e-08, np.float64(770.3475357835283))}",2,0.7,"['noise_collapse', 'heteroscedasticity']"
18,0.38166171401830795,293792612925419.0,0.013220628117346202,12.886192513963607,2,0.95
18,GP health BAD,0.38166171401830795
18,4D Chemical Yield,EI,RBF(length_scale=0.428),"{'length_scale': np.float64(0.42819635233490166), 'length_scale_bounds': (1e-05, 100000.0)}","[0.04084492372324875, 1.0, 1.0, 1.0]",3932.9375369032346,0.38166171401830795,"[{'type': 'lengthscale_collapse', 'severity': 0.9, 'details': {'lengthscales': [1e-05]}}, {'type': 'kernel_singular', 'severity': 1.0, 'details': {'cond': np.float64(293792612925419.0)}}]",{'acq': 'EI'}
19,GP health,0.5235303447961941,23.46114817266561,0.197142321624684,2925614316.2584944,2,0.7,"['noise_collapse', 'heteroscedasticity']"
19,GP anomalies,Sum,"{'k1': 0.639**2 * RBF(length_scale=[0.404, 0.55, 0.41, 0.256]), 'k2': WhiteKernel(noise_level=1e-08), 'k1__k1': 0.639**2, 'k1__k2': RBF(length_scale=[0.404, 0.55, 0.41, 0.256]), 'k1__k1__constant_value': np.float64(0.40769247281066634), 'k1__k1__constant_value_bounds': (0.001, 1000.0), 'k1__k2__length_scale': array([0.40387693, 0.5501962 , 0.40967156, 0.25616714]), 'k1__k2__length_scale_bounds': (0.008021975616994404, 8.021975616994403), 'k2__noise_level': np.float64(9.999999999999982e-09), 'k2__noise_level_bounds': (1e-08, np.float64(770.8880897997491))}",2,0.7,"['noise_collapse', 'heteroscedasticity']"
19,0.3815617410894189,7.837487834273797e+18,0.013482603633931056,24.344215277508958,2,0.95
19,GP health BAD,0.3815617410894189
19,4D Chemical Yield,EI,"RBF(length_scale=0.433) * Matern(length_scale=3.21e+04, nu=1.5)","{'k1': RBF(length_scale=0.433), 'k2': Matern(length_scale=3.21e+04, nu=1.5), 'k1__length_scale': np.float64(0.4329333706420135), 'k1__length_scale_bounds': (1e-05, 100000.0), 'k2__length_scale': np.float64(32147.19348552271), 'k2__length_scale_bounds': (1e-05, 100000.0), 'k2__nu': 1.5}","[0.03968095276702477, 1.0, 1.0, 1.0]",3932.9705849517195,0.3815617410894189,"[{'type': 'lengthscale_collapse', 'severity': 0.9, 'details': {'lengthscales': [1e-05]}}, {'type': 'kernel_singular', 'severity': 1.0, 'details': {'cond': np.float64(7.837487834273797e+18)}}]",{'acq': 'EI'}
20,GP health,0.5287930891465693,32.78940719789227,0.20176769274597445,2805592036.118224,2,0.7,"['noise_collapse', 'heteroscedasticity']"
20,GP anomalies,Sum,"{'k1': 0.626**2 * RBF(length_scale=[0.404, 0.553, 0.411, 0.258]), 'k2': WhiteKernel(noise_level=1e-08), 'k1__k1': 0.626**2, 'k1__k2': RBF(length_scale=[0.404, 0.553, 0.411, 0.258]), 'k1__k1__constant_value': np.float64(0.3920731426419304), 'k1__k1__constant_value_bounds': (0.001, 1000.0), 'k1__k2__length_scale': array([0.40385627, 0.55349412, 0.41093425, 0.25806183]), 'k1__k2__length_scale_bounds': (0.0080074592701362, 8.007459270136199), 'k2__noise_level': np.float64(9.999999999999982e-09), 'k2__noise_level_bounds': (1e-08, np.float64(767.3912974215888))}",2,0.7,"['noise_collapse', 'heteroscedasticity']"
20,0.3814920600144042,5.3693596469181414e+17,0.013665241018366003,35.645636971728,2,0.95
20,GP health BAD,0.3814920600144042
20,4D Chemical Yield,EI,"RBF(length_scale=0.437) * Matern(length_scale=4.59e+03, nu=1.5)","{'k1': RBF(length_scale=0.437), 'k2': Matern(length_scale=4.59e+03, nu=1.5), 'k1__length_scale': np.float64(0.43688113705327414), 'k1__length_scale_bounds': (1e-05, 100000.0), 'k2__length_scale': np.float64(4589.458613306712), 'k2__length_scale_bounds': (1e-05, 100000.0), 'k2__nu': 1.5}","[0.03960244389924269, 1.0, 1.0, 1.0]",3932.9714379955485,0.3814920600144042,"[{'type': 'lengthscale_collapse', 'severity': 0.9, 'details': {'lengthscales': [1e-05]}}, {'type': 'kernel_singular', 'severity': 1.0, 'details': {'cond': np.float64(5.3693596469181414e+17)}}]",{'acq': 'EI'}
21,GP health,0.533902805982822,42.00483703739738,0.20561152966312782,2721204248.355184,2,0.7,"['noise_collapse', 'heteroscedasticity']"
21,GP anomalies,Sum,"{'k1': 0.617**2 * RBF(length_scale=[0.404, 0.557, 0.412, 0.26]), 'k2': WhiteKernel(noise_level=1e-08), 'k1__k1': 0.617**2, 'k1__k2': RBF(length_scale=[0.404, 0.557, 0.412, 0.26]), 'k1__k1__constant_value': np.float64(0.38089776170098866), 'k1__k1__constant_value_bounds': (0.001, 1000.0), 'k1__k2__length_scale': array([0.40394529, 0.55699811, 0.41232005, 0.26000814]), 'k1__k2__length_scale_bounds': (0.00798676988083118, 7.986769880831179), 'k2__noise_level': np.float64(9.999999999999982e-09), 'k2__noise_level_bounds': (1e-08, np.float64(760.7011834743251))}",2,0.7,"['noise_collapse', 'heteroscedasticity']"
21,0.38144562431800594,2.5915729595946716e+18,0.01378696969269756,46.82635065029865,2,0.95
21,GP health BAD,0.38144562431800594
21,4D Chemical Yield,EI,RBF(length_scale=0.44),"{'length_scale': np.float64(0.4402406736105223), 'length_scale_bounds': (1e-05, 100000.0)}","[1.0, 0.9014640126232172, 0.5436983783561264, 1.0]",1139.5212706696536,0.38144562431800594,"[{'type': 'lengthscale_collapse', 'severity': 0.9, 'details': {'lengthscales': [1e-05]}}, {'type': 'kernel_singular', 'severity': 1.0, 'details': {'cond': np.float64(2.5915729595946716e+18)}}]",{'acq': 'EI'}
22,GP health,0.5344282274589458,44.92603990938063,0.20196274359101543,1158859913.0381305,1,0.8,['noise_collapse']
22,GP anomalies,Sum,"{'k1': 0.616**2 * RBF(length_scale=[0.403, 0.555, 0.414, 0.261]), 'k2': WhiteKernel(noise_level=1e-08), 'k1__k1': 0.616**2, 'k1__k2': RBF(length_scale=[0.403, 0.555, 0.414, 0.261]), 'k1__k1__constant_value': np.float64(0.37968097932755857), 'k1__k1__constant_value_bounds': (0.001, 1000.0), 'k1__k2__length_scale': array([0.40259185, 0.55479289, 0.41355349, 0.26070807]), 'k1__k2__length_scale_bounds': (0.008027473310098959, 8.027473310098959), 'k2__noise_level': np.float64(9.999999999999982e-09), 'k2__noise_level_bounds': (1e-08, np.float64(728.1562407981462))}",1,0.8,['noise_collapse']
22,0.3814919708416368,2.1681468134926563e+17,0.01366547476576794,46.84997520778277,2,0.95
22,GP health BAD,0.3814919708416368
22,4D Chemical Yield,EI,RBF(length_scale=0.441),"{'length_scale': np.float64(0.4410186415361239), 'length_scale_bounds': (1e-05, 100000.0)}","[1.0, 0.9502770027833776, 0.13429966703777058, 1.0]",1115.8531723134872,0.3814919708416368,"[{'type': 'lengthscale_collapse', 'severity': 0.9, 'details': {'lengthscales': [1e-05]}}, {'type': 'kernel_singular', 'severity': 1.0, 'details': {'cond': np.float64(2.1681468134926563e+17)}}]",{'acq': 'EI'}
23,GP health,0.53492870035396,44.910804096429544,0.2000420947529531,1172982262.120843,1,0.8,['noise_collapse']
23,GP anomalies,Sum,"{'k1': 0.617**2 * RBF(length_scale=[0.404, 0.556, 0.415, 0.26]), 'k2': WhiteKernel(noise_level=1e-08), 'k1__k1': 0.617**2, 'k1__k2': RBF(length_scale=[0.404, 0.556, 0.415, 0.26]), 'k1__k1__constant_value': np.float64(0.3805455684810409), 'k1__k1__constant_value_bounds': (0.001, 1000.0), 'k1__k2__length_scale': array([0.40384228, 0.5564617 , 0.41527671, 0.25995027]), 'k1__k2__length_scale_bounds': (0.008109788746515047, 8.109788746515047), 'k2__noise_level': np.float64(9.999999999999982e-09), 'k2__noise_level_bounds': (1e-08, np.float64(697.1788239108596))}",1,0.8,['noise_collapse']
23,0.3815369511499576,3.505556527979531e+17,0.01354757541208281,46.751252252370676,2,0.95
23,GP health BAD,0.3815369511499576
23,4D Chemical Yield,EI,RBF(length_scale=0.442),"{'length_scale': np.float64(0.4416922688725549), 'length_scale_bounds': (1e-05, 100000.0)}","[1.0, 0.7683326448495379, 0.5173162377544342, 0.501395823010443]",755.0365822027936,0.3815369511499576,"[{'type': 'lengthscale_collapse', 'severity': 0.9, 'details': {'lengthscales': [1e-05]}}, {'type': 'kernel_singular', 'severity': 1.0, 'details': {'cond': np.float64(3.505556527979531e+17)}}]",{'acq': 'EI'}
24,GP health,0.5353592493346545,42.10919226645816,0.19995273654243192,2880615407.0663347,2,0.7,"['noise_collapse', 'heteroscedasticity']"
24,GP anomalies,Sum,"{'k1': 0.616**2 * RBF(length_scale=[0.405, 0.556, 0.415, 0.262]), 'k2': WhiteKernel(noise_level=1e-08), 'k1__k1': 0.616**2, 'k1__k2': RBF(length_scale=[0.405, 0.556, 0.415, 0.262]), 'k1__k1__constant_value': np.float64(0.3799430660336148), 'k1__k1__constant_value_bounds': (0.001, 1000.0), 'k1__k2__length_scale': array([0.40478857, 0.55610855, 0.41492185, 0.26163453]), 'k1__k2__length_scale_bounds': (0.008123850914119607, 8.123850914119608), 'k2__noise_level': np.float64(9.999999999999982e-09), 'k2__noise_level_bounds': (1e-08, np.float64(668.4885967811208))}",2,0.7,"['noise_collapse', 'heteroscedasticity']"
24,0.3815744745632479,2.734658342357139e+18,0.01344923220280522,46.8191180957135,2,0.95
24,GP health BAD,0.3815744745632479
24,4D Chemical Yield,EI,"RBF(length_scale=0.443) * Matern(length_scale=5e+04, nu=1.5)","{'k1': RBF(length_scale=0.443), 'k2': Matern(length_scale=5e+04, nu=1.5), 'k1__length_scale': np.float64(0.44289615597177906), 'k1__length_scale_bounds': (1e-05, 100000.0), 'k2__length_scale': np.float64(50014.79828850555), 'k2__length_scale_bounds': (1e-05, 100000.0), 'k2__nu': 1.5}","[0.752360939714523, 1.0, 0.5226444978780656, 0.9972367383593005]",1185.7132052565007,0.3815744745632479,"[{'type': 'lengthscale_collapse', 'severity': 0.9, 'details': {'lengthscales': [1e-05]}}, {'type': 'kernel_singular', 'severity': 1.0, 'details': {'cond': np.float64(2.734658342357139e+18)}}]",{'acq': 'EI'}
25,GP health,0.5357920707245308,45.4099172167381,0.19658518190807617,1261433456.367697,1,0.8,['noise_collapse']
25,GP anomalies,Sum,"{'k1': 0.62**2 * RBF(length_scale=[0.406, 0.561, 0.417, 0.263]), 'k2': WhiteKernel(noise_level=1e-08), 'k1__k1': 0.62**2, 'k1__k2': RBF(length_scale=[0.406, 0.561, 0.417, 0.263]), 'k1__k1__constant_value': np.float64(0.3844278815670976), 'k1__k1__constant_value_bounds': (0.001, 1000.0), 'k1__k2__length_scale': array([0.40567842, 0.56127205, 0.41688374, 0.26281292]), 'k1__k2__length_scale_bounds': (0.008105726414534475, 8.105726414534475), 'k2__noise_level': np.float64(9.999999999999982e-09), 'k2__noise_level_bounds': (1e-08, np.float64(640.2355406723885))}",1,0.8,['noise_collapse']
25,0.42884106399033584,1.3682979307176233e+20,0.01333557557454156,46.17076416338269,3,0.8333333333333334
25,GP health BAD,0.42884106399033584
25,4D Chemical Yield,EI,"RBF(length_scale=0.445) + Matern(length_scale=4.59e+03, nu=1.5)","{'k1': RBF(length_scale=0.445), 'k2': Matern(length_scale=4.59e+03, nu=1.5), 'k1__length_scale': np.float64(0.44470626382510137), 'k1__length_scale_bounds': (1e-05, 100000.0), 'k2__length_scale': np.float64(4589.060133638533), 'k2__length_scale_bounds': (1e-05, 100000.0), 'k2__nu': 1.5}","[0.42054990685857885, 1.0, 1.0, 0.6718202347361926]",1012.7322999844994,0.42884106399033584,"[{'type': 'lengthscale_collapse', 'severity': 0.9, 'details': {'lengthscales': [1e-05]}}, {'type': 'kernel_singular', 'severity': 1.0, 'details': {'cond': np.float64(1.3682979307176233e+20)}}, {'type': 'heteroscedasticity', 'severity': 0.6, 'details': {'corr_residuals': np.float64(0.6004156480126013)}}]",{'acq': 'EI'}
26,GP health,0.5359295618870722,42.739387141695886,0.19629968138650775,3282200629.881153,2,0.7,"['noise_collapse', 'heteroscedasticity']"
26,GP anomalies,Sum,"{'k1': 0.621**2 * RBF(length_scale=[0.405, 0.558, 0.417, 0.265]), 'k2': WhiteKernel(noise_level=1e-08), 'k1__k1': 0.621**2, 'k1__k2': RBF(length_scale=[0.405, 0.558, 0.417, 0.265]), 'k1__k1__constant_value': np.float64(0.38614416316648603), 'k1__k1__constant_value_bounds': (0.001, 1000.0), 'k1__k2__length_scale': array([0.40541811, 0.55787597, 0.41713092, 0.2653267 ]), 'k1__k2__length_scale_bounds': (0.008075243262087015, 8.075243262087016), 'k2__noise_level': np.float64(9.999999999999982e-09), 'k2__noise_level_bounds': (1e-08, np.float64(613.482827824654))}",2,0.7,"['noise_collapse', 'heteroscedasticity']"
26,0.4288869096216877,1.1766082742013059e+18,0.013228675408507707,46.25313690335014,3,0.8333333333333334
26,GP health BAD,0.4288869096216877
26,4D Chemical Yield,EI,"RBF(length_scale=0.445) + Matern(length_scale=3.67e+03, nu=1.5)","{'k1': RBF(length_scale=0.445), 'k2': Matern(length_scale=3.67e+03, nu=1.5), 'k1__length_scale': np.float64(0.44544811971922715), 'k1__length_scale_bounds': (1e-05, 100000.0), 'k2__length_scale': np.float64(3672.4280590294056), 'k2__length_scale_bounds': (1e-05, 100000.0), 'k2__nu': 1.5}","[0.9667755003805591, 0.9836603148137407, 0.1503640732705834, 0.5173147564717349]",778.2411665187499,0.4288869096216877,"[{'type': 'lengthscale_collapse', 'severity': 0.9, 'details': {'lengthscales': [1e-05]}}, {'type': 'kernel_singular', 'severity': 1.0, 'details': {'cond': np.float64(1.1766082742013059e+18)}}, {'type': 'heteroscedasticity', 'severity': 0.6, 'details': {'corr_residuals': np.float64(0.6017437060327008)}}]",{'acq': 'EI'}
27,GP health,0.5359060925477268,45.453486128599955,0.1933427904135109,1402040283.8592663,2,0.7,"['noise_collapse', 'heteroscedasticity']"
27,GP anomalies,Sum,"{'k1': 0.629**2 * RBF(length_scale=[0.406, 0.556, 0.42, 0.27]), 'k2': WhiteKernel(noise_level=1e-08), 'k1__k1': 0.629**2, 'k1__k2': RBF(length_scale=[0.406, 0.556, 0.42, 0.27]), 'k1__k1__constant_value': np.float64(0.39551939838189615), 'k1__k1__constant_value_bounds': (0.001, 1000.0), 'k1__k2__length_scale': array([0.40582482, 0.55550636, 0.41976274, 0.27035516]), 'k1__k2__length_scale_bounds': (0.008126040287694682, 8.126040287694682), 'k2__noise_level': np.float64(9.999999999999982e-09), 'k2__noise_level_bounds': (1e-08, np.float64(588.4534515197231))}",2,0.7,"['noise_collapse', 'heteroscedasticity']"
27,0.4289268763526741,1.155162989110711e+18,0.013135492641644314,46.47837295216333,3,0.8333333333333334
27,GP health BAD,0.4289268763526741
27,4D Chemical Yield,EI,"RBF(length_scale=0.446) + Matern(length_scale=1.91e+03, nu=1.5)","{'k1': RBF(length_scale=0.446), 'k2': Matern(length_scale=1.91e+03, nu=1.5), 'k1__length_scale': np.float64(0.44621988444049604), 'k1__length_scale_bounds': (1e-05, 100000.0), 'k2__length_scale': np.float64(1906.89109092382), 'k2__length_scale_bounds': (1e-05, 100000.0), 'k2__nu': 1.5}","[0.0, 0.6750554245527522, 0.678508053110731, 1.0]",683.7072159782042,0.4289268763526741,"[{'type': 'lengthscale_collapse', 'severity': 0.9, 'details': {'lengthscales': [1e-05]}}, {'type': 'kernel_singular', 'severity': 1.0, 'details': {'cond': np.float64(1.155162989110711e+18)}}, {'type': 'heteroscedasticity', 'severity': 0.6, 'details': {'corr_residuals': np.float64(0.6036556826527262)}}]",{'acq': 'EI'}
28,GP health,0.5333825673584653,40.645785336083975,0.19331976233701215,4044729594.703796,1,0.8,['noise_collapse']
28,GP anomalies,Sum,"{'k1': 0.656**2 * RBF(length_scale=[0.415, 0.527, 0.404, 0.295]), 'k2': WhiteKernel(noise_level=1e-08), 'k1__k1': 0.656**2, 'k1__k2': RBF(length_scale=[0.415, 0.527, 0.404, 0.295]), 'k1__k1__constant_value': np.float64(0.43057983474900313), 'k1__k1__constant_value_bounds': (0.001, 1000.0), 'k1__k2__length_scale': array([0.41478739, 0.52716193, 0.40356314, 0.29486387]), 'k1__k2__length_scale_bounds': (0.008106016143708318, 8.106016143708318), 'k2__noise_level': np.float64(9.999999999999982e-09), 'k2__noise_level_bounds': (1e-08, np.float64(564.7917372130728))}",1,0.8,['noise_collapse']
28,0.42896340795374777,6.308380077551786e+17,0.013050326503819773,46.567829615847714,3,0.8333333333333334
28,GP health BAD,0.42896340795374777
28,4D Chemical Yield,EI,"RBF(length_scale=0.447) + Matern(length_scale=5e+04, nu=1.5)","{'k1': RBF(length_scale=0.447), 'k2': Matern(length_scale=5e+04, nu=1.5), 'k1__length_scale': np.float64(0.4470647345013744), 'k1__length_scale_bounds': (1e-05, 100000.0), 'k2__length_scale': np.float64(50014.731898471575), 'k2__length_scale_bounds': (1e-05, 100000.0), 'k2__nu': 1.5}","[0.0399705807955451, 1.0, 1.0, 1.0]",3932.9657804046738,0.42896340795374777,"[{'type': 'lengthscale_collapse', 'severity': 0.9, 'details': {'lengthscales': [1e-05]}}, {'type': 'kernel_singular', 'severity': 1.0, 'details': {'cond': np.float64(6.308380077551786e+17)}}, {'type': 'heteroscedasticity', 'severity': 0.6, 'details': {'corr_residuals': np.float64(0.6060075500195264)}}]",{'acq': 'EI'}
29,GP health,0.5387003225356245,53.14163741649387,0.195508690763938,1622155235.6876192,1,0.8,['noise_collapse']
29,GP anomalies,Sum,"{'k1': 0.646**2 * RBF(length_scale=[0.415, 0.53, 0.405, 0.296]), 'k2': WhiteKernel(noise_level=1e-08), 'k1__k1': 0.646**2, 'k1__k2': RBF(length_scale=[0.415, 0.53, 0.405, 0.296]), 'k1__k1__constant_value': np.float64(0.4176552411921749), 'k1__k1__constant_value_bounds': (0.001, 1000.0), 'k1__k2__length_scale': array([0.41484039, 0.52982117, 0.4047762 , 0.29645997]), 'k1__k2__length_scale_bounds': (0.008089544760123458, 8.089544760123458), 'k2__noise_level': np.float64(9.999999999999982e-09), 'k2__noise_level_bounds': (1e-08, np.float64(559.1797382131074))}",1,0.8,['noise_collapse']
29,0.38167933108001073,3.12958861144965e+18,0.013174470343389123,58.79082190976332,2,0.95
29,GP health BAD,0.38167933108001073
29,4D Chemical Yield,EI,RBF(length_scale=0.45),"{'length_scale': np.float64(0.44953587174407494), 'length_scale_bounds': (1e-05, 100000.0)}","[1.0, 0.4823124437409556, 0.37739573965256545, 0.8614708505544603]",625.4388923368087,0.38167933108001073,"[{'type': 'lengthscale_collapse', 'severity': 0.9, 'details': {'lengthscales': [1e-05]}}, {'type': 'kernel_singular', 'severity': 1.0, 'details': {'cond': np.float64(3.12958861144965e+18)}}]",{'acq': 'EI'}
30,GP health,0.5391937528891628,53.552594934801974,0.194263828930177,1709332903.9954903,1,0.8,['noise_collapse']
30,GP anomalies,Sum,"{'k1': 0.649**2 * RBF(length_scale=[0.415, 0.539, 0.407, 0.296]), 'k2': WhiteKernel(noise_level=1e-08), 'k1__k1': 0.649**2, 'k1__k2': RBF(length_scale=[0.415, 0.539, 0.407, 0.296]), 'k1__k1__constant_value': np.float64(0.4208174349945514), 'k1__k1__constant_value_bounds': (0.001, 1000.0), 'k1__k2__length_scale': array([0.41500263, 0.53856014, 0.40717043, 0.29632457]), 'k1__k2__length_scale_bounds': (0.008112825714615454, 8.112825714615454), 'k2__noise_level': np.float64(9.999999999999982e-09), 'k2__noise_level_bounds': (1e-08, np.float64(537.107309515363))}",1,0.8,['noise_collapse']
30,0.381707115286717,1.8342385223512727e+18,0.013101678360112935,58.991720116806576,2,0.95
30,GP health BAD,0.381707115286717
30,4D Chemical Yield,EI,RBF(length_scale=0.451),"{'length_scale': np.float64(0.45072215082838135), 'length_scale_bounds': (1e-05, 100000.0)}","[1.0, 0.7834871821957324, 0.0, 1.0]",769.6095923184243,0.381707115286717,"[{'type': 'lengthscale_collapse', 'severity': 0.9, 'details': {'lengthscales': [1e-05]}}, {'type': 'kernel_singular', 'severity': 1.0, 'details': {'cond': np.float64(1.8342385223512727e+18)}}]",{'acq': 'EI'}
