1,GP health,0.7637523229519163,-38.53403290781857,9.563412793895674e-05,53.71868254625534,2,0.7,"['noise_collapse', 'heteroscedasticity']"
1,GP anomalies,Sum,"{'k1': 0.807**2 * Matern(length_scale=[0.713, 10.1, 10.1, 0.19, 0.212, 0.321], nu=1.5), 'k2': WhiteKernel(noise_level=2.3e-08), 'k1__k1': 0.807**2, 'k1__k2': Matern(length_scale=[0.713, 10.1, 10.1, 0.19, 0.212, 0.321], nu=1.5), 'k1__k1__constant_value': np.float64(0.6507278168416002), 'k1__k1__constant_value_bounds': (0.001, 10000.0), 'k1__k2__length_scale': array([ 0.71326374, 10.08764648, 10.08764648,  0.18999895,  0.21235995,
        0.32084831]), 'k1__k2__length_scale_bounds': (0.010087646478706146, 10.087646478706148), 'k1__k2__nu': np.float64(1.5), 'k2__noise_level': np.float64(2.3009091647336377e-08), 'k2__noise_level_bounds': (1e-08, np.float64(0.445324731925421))}",2,0.7,"['noise_collapse', 'heteroscedasticity']"
1,6D ML Hyperparameters,EI,"0.807**2 * Matern(length_scale=[0.713, 10.1, 10.1, 0.19, 0.212, 0.321], nu=1.5) + WhiteKernel(noise_level=2.3e-08)","{'k1': 0.807**2 * Matern(length_scale=[0.713, 10.1, 10.1, 0.19, 0.212, 0.321], nu=1.5), 'k2': WhiteKernel(noise_level=2.3e-08), 'k1__k1': 0.807**2, 'k1__k2': Matern(length_scale=[0.713, 10.1, 10.1, 0.19, 0.212, 0.321], nu=1.5), 'k1__k1__constant_value': np.float64(0.6507278168416002), 'k1__k1__constant_value_bounds': (0.001, 10000.0), 'k1__k2__length_scale': array([ 0.71326374, 10.08764648, 10.08764648,  0.18999895,  0.21235995,
        0.32084831]), 'k1__k2__length_scale_bounds': (0.010087646478706146, 10.087646478706148), 'k1__k2__nu': np.float64(1.5), 'k2__noise_level': np.float64(2.3009091647336377e-08), 'k2__noise_level_bounds': (1e-08, np.float64(0.445324731925421))}","[0.08729017958967544, 0.506103956359347, 0.9320143422569341, 0.3206421921595143, 0.5938830975578988, 0.3692304815098961]",0.5546580356553473,0.7637523229519163,"[{'type': 'noise_collapse', 'severity': 0.8, 'details': {'noise_level': 1e-08}}, {'type': 'heteroscedasticity', 'severity': 0.6, 'details': {'corr_residuals': np.float64(0.6776847551876324)}}]",{'acq': 'EI'}
2,GP health,0.7566677825118916,-39.307673310226036,0.0003124031467501816,83.93576895064446,1,0.8,['noise_collapse']
2,GP anomalies,Sum,"{'k1': 0.809**2 * Matern(length_scale=[0.374, 1.23, 10.1, 0.122, 0.202, 10.1], nu=2.5), 'k2': WhiteKernel(noise_level=2.51e-07), 'k1__k1': 0.809**2, 'k1__k2': Matern(length_scale=[0.374, 1.23, 10.1, 0.122, 0.202, 10.1], nu=2.5), 'k1__k1__constant_value': np.float64(0.6546240163696226), 'k1__k1__constant_value_bounds': (0.001, 10000.0), 'k1__k2__length_scale': array([ 0.37404568,  1.22930533, 10.07942555,  0.12224154,  0.20225728,
       10.07942555]), 'k1__k2__length_scale_bounds': (0.010079425549757793, 10.079425549757792), 'k1__k2__nu': np.float64(2.5), 'k2__noise_level': np.float64(2.507887792297879e-07), 'k2__noise_level_bounds': (1e-08, np.float64(0.42660573284602676))}",1,0.8,['noise_collapse']
2,6D ML Hyperparameters,EI,"0.809**2 * Matern(length_scale=[0.374, 1.23, 10.1, 0.122, 0.202, 10.1], nu=2.5) + WhiteKernel(noise_level=2.51e-07)","{'k1': 0.809**2 * Matern(length_scale=[0.374, 1.23, 10.1, 0.122, 0.202, 10.1], nu=2.5), 'k2': WhiteKernel(noise_level=2.51e-07), 'k1__k1': 0.809**2, 'k1__k2': Matern(length_scale=[0.374, 1.23, 10.1, 0.122, 0.202, 10.1], nu=2.5), 'k1__k1__constant_value': np.float64(0.6546240163696226), 'k1__k1__constant_value_bounds': (0.001, 10000.0), 'k1__k2__length_scale': array([ 0.37404568,  1.22930533, 10.07942555,  0.12224154,  0.20225728,
       10.07942555]), 'k1__k2__length_scale_bounds': (0.010079425549757793, 10.079425549757792), 'k1__k2__nu': np.float64(2.5), 'k2__noise_level': np.float64(2.507887792297879e-07), 'k2__noise_level_bounds': (1e-08, np.float64(0.42660573284602676))}","[0.04724965760570854, 0.7030450210165745, 0.01425298775415651, 0.11578817570992439, 0.6669180090272698, 0.13213661136428612]",0.539068784532468,0.7566677825118916,"[{'type': 'noise_collapse', 'severity': 0.8, 'details': {'noise_level': 1e-08}}]",{'acq': 'EI'}
3,GP health,0.7564928742970338,-40.715310215266385,0.0015317391254657804,77.23127785585162,1,0.8,['noise_collapse']
3,GP anomalies,Sum,"{'k1': 0.813**2 * Matern(length_scale=[0.388, 1.67, 10.1, 0.134, 0.212, 10.1], nu=1.5), 'k2': WhiteKernel(noise_level=6.15e-06), 'k1__k1': 0.813**2, 'k1__k2': Matern(length_scale=[0.388, 1.67, 10.1, 0.134, 0.212, 10.1], nu=1.5), 'k1__k1__constant_value': np.float64(0.661373343536391), 'k1__k1__constant_value_bounds': (0.001, 10000.0), 'k1__k2__length_scale': array([ 0.38782583,  1.67143018, 10.11793847,  0.1338132 ,  0.21184511,
       10.11793847]), 'k1__k2__length_scale_bounds': (0.01011793847188585, 10.11793847188585), 'k1__k2__nu': np.float64(1.5), 'k2__noise_level': np.float64(6.150827717939848e-06), 'k2__noise_level_bounds': (1e-08, np.float64(0.408555164475725))}",1,0.8,['noise_collapse']
3,6D ML Hyperparameters,EI,"0.813**2 * Matern(length_scale=[0.388, 1.67, 10.1, 0.134, 0.212, 10.1], nu=1.5) + WhiteKernel(noise_level=6.15e-06)","{'k1': 0.813**2 * Matern(length_scale=[0.388, 1.67, 10.1, 0.134, 0.212, 10.1], nu=1.5), 'k2': WhiteKernel(noise_level=6.15e-06), 'k1__k1': 0.813**2, 'k1__k2': Matern(length_scale=[0.388, 1.67, 10.1, 0.134, 0.212, 10.1], nu=1.5), 'k1__k1__constant_value': np.float64(0.661373343536391), 'k1__k1__constant_value_bounds': (0.001, 10000.0), 'k1__k2__length_scale': array([ 0.38782583,  1.67143018, 10.11793847,  0.1338132 ,  0.21184511,
       10.11793847]), 'k1__k2__length_scale_bounds': (0.01011793847188585, 10.11793847188585), 'k1__k2__nu': np.float64(1.5), 'k2__noise_level': np.float64(6.150827717939848e-06), 'k2__noise_level_bounds': (1e-08, np.float64(0.408555164475725))}","[0.9210979632701907, 0.6046158332503543, 0.22155016859004983, 0.5313179395467209, 0.007166030640816223, 0.9362020456787993]",0.40583266952958785,0.7564928742970338,"[{'type': 'noise_collapse', 'severity': 0.8, 'details': {'noise_level': 1e-08}}]",{'acq': 'EI'}
4,GP health,0.75448901529278,-41.473837371977176,0.0003031577363984045,87.61732343163719,1,0.8,['noise_collapse']
4,GP anomalies,Sum,"{'k1': 0.808**2 * Matern(length_scale=[0.377, 1.21, 10.2, 0.122, 0.205, 10.2], nu=2.5), 'k2': WhiteKernel(noise_level=2.47e-07), 'k1__k1': 0.808**2, 'k1__k2': Matern(length_scale=[0.377, 1.21, 10.2, 0.122, 0.205, 10.2], nu=2.5), 'k1__k1__constant_value': np.float64(0.6535119009439928), 'k1__k1__constant_value_bounds': (0.001, 10000.0), 'k1__k2__length_scale': array([ 0.37682441,  1.21101592, 10.15333568,  0.1219256 ,  0.20487887,
       10.15333568]), 'k1__k2__length_scale_bounds': (0.010153335683339444, 10.153335683339444), 'k1__k2__nu': np.float64(2.5), 'k2__noise_level': np.float64(2.4675793771363315e-07), 'k2__noise_level_bounds': (1e-08, np.float64(0.39043141237040957))}",1,0.8,['noise_collapse']
4,6D ML Hyperparameters,EI,"0.808**2 * Matern(length_scale=[0.377, 1.21, 10.2, 0.122, 0.205, 10.2], nu=2.5) + WhiteKernel(noise_level=2.47e-07)","{'k1': 0.808**2 * Matern(length_scale=[0.377, 1.21, 10.2, 0.122, 0.205, 10.2], nu=2.5), 'k2': WhiteKernel(noise_level=2.47e-07), 'k1__k1': 0.808**2, 'k1__k2': Matern(length_scale=[0.377, 1.21, 10.2, 0.122, 0.205, 10.2], nu=2.5), 'k1__k1__constant_value': np.float64(0.6535119009439928), 'k1__k1__constant_value_bounds': (0.001, 10000.0), 'k1__k2__length_scale': array([ 0.37682441,  1.21101592, 10.15333568,  0.1219256 ,  0.20487887,
       10.15333568]), 'k1__k2__length_scale_bounds': (0.010153335683339444, 10.153335683339444), 'k1__k2__nu': np.float64(2.5), 'k2__noise_level': np.float64(2.4675793771363315e-07), 'k2__noise_level_bounds': (1e-08, np.float64(0.39043141237040957))}","[0.025148821872311156, 0.5141191260769821, 0.6478651871857697, 0.6699023529948055, 0.07085500951663948, 0.6561471305437226]",0.40865184479233013,0.75448901529278,"[{'type': 'noise_collapse', 'severity': 0.8, 'details': {'noise_level': 1e-08}}]",{'acq': 'EI'}
5,GP health,0.7583762157900993,-42.9839724817135,8.067190557164572e-05,62.44087042521127,2,0.7,"['noise_collapse', 'heteroscedasticity']"
5,GP anomalies,Sum,"{'k1': 0.81**2 * Matern(length_scale=[0.633, 10.1, 10.1, 0.185, 0.221, 0.339], nu=1.5), 'k2': WhiteKernel(noise_level=1.78e-08), 'k1__k1': 0.81**2, 'k1__k2': Matern(length_scale=[0.633, 10.1, 10.1, 0.185, 0.221, 0.339], nu=1.5), 'k1__k1__constant_value': np.float64(0.655373547600156), 'k1__k1__constant_value_bounds': (0.001, 10000.0), 'k1__k2__length_scale': array([ 0.63348647, 10.12658119, 10.12658119,  0.18520916,  0.22070117,
        0.33893904]), 'k1__k2__length_scale_bounds': (0.010126581188782437, 10.126581188782438), 'k1__k2__nu': np.float64(1.5), 'k2__noise_level': np.float64(1.7841963025890287e-08), 'k2__noise_level_bounds': (1e-08, np.float64(0.37322643597551947))}",2,0.7,"['noise_collapse', 'heteroscedasticity']"
5,6D ML Hyperparameters,EI,"0.81**2 * Matern(length_scale=[0.633, 10.1, 10.1, 0.185, 0.221, 0.339], nu=1.5) + WhiteKernel(noise_level=1.78e-08)","{'k1': 0.81**2 * Matern(length_scale=[0.633, 10.1, 10.1, 0.185, 0.221, 0.339], nu=1.5), 'k2': WhiteKernel(noise_level=1.78e-08), 'k1__k1': 0.81**2, 'k1__k2': Matern(length_scale=[0.633, 10.1, 10.1, 0.185, 0.221, 0.339], nu=1.5), 'k1__k1__constant_value': np.float64(0.655373547600156), 'k1__k1__constant_value_bounds': (0.001, 10000.0), 'k1__k2__length_scale': array([ 0.63348647, 10.12658119, 10.12658119,  0.18520916,  0.22070117,
        0.33893904]), 'k1__k2__length_scale_bounds': (0.010126581188782437, 10.126581188782438), 'k1__k2__nu': np.float64(1.5), 'k2__noise_level': np.float64(1.7841963025890287e-08), 'k2__noise_level_bounds': (1e-08, np.float64(0.37322643597551947))}","[0.002803025293917849, 0.09924341991480623, 0.18634892426609584, 0.020904514710235578, 0.061459642189213626, 0.6533787063175678]",0.4822769028108911,0.7583762157900993,"[{'type': 'noise_collapse', 'severity': 0.8, 'details': {'noise_level': 1e-08}}, {'type': 'heteroscedasticity', 'severity': 0.6, 'details': {'corr_residuals': np.float64(0.6278457680243211)}}]",{'acq': 'EI'}
6,GP health,0.753313247779473,-43.77770374577041,5.983113463110251e-05,85.21207847088746,1,0.8,['noise_collapse']
6,GP anomalies,Sum,"{'k1': 0.808**2 * Matern(length_scale=[0.369, 1.18, 10.2, 0.121, 0.208, 10.2], nu=2.5), 'k2': WhiteKernel(noise_level=1e-08), 'k1__k1': 0.808**2, 'k1__k2': Matern(length_scale=[0.369, 1.18, 10.2, 0.121, 0.208, 10.2], nu=2.5), 'k1__k1__constant_value': np.float64(0.6525824769723465), 'k1__k1__constant_value_bounds': (0.001, 10000.0), 'k1__k2__length_scale': array([ 0.36948044,  1.18193322, 10.15030049,  0.12058886,  0.20849852,
       10.15030049]), 'k1__k2__length_scale_bounds': (0.010150300491403828, 10.150300491403828), 'k1__k2__nu': np.float64(2.5), 'k2__noise_level': np.float64(9.999999999999982e-09), 'k2__noise_level_bounds': (1e-08, np.float64(0.357229075412568))}",1,0.8,['noise_collapse']
6,6D ML Hyperparameters,EI,"0.808**2 * Matern(length_scale=[0.369, 1.18, 10.2, 0.121, 0.208, 10.2], nu=2.5) + WhiteKernel(noise_level=1e-08)","{'k1': 0.808**2 * Matern(length_scale=[0.369, 1.18, 10.2, 0.121, 0.208, 10.2], nu=2.5), 'k2': WhiteKernel(noise_level=1e-08), 'k1__k1': 0.808**2, 'k1__k2': Matern(length_scale=[0.369, 1.18, 10.2, 0.121, 0.208, 10.2], nu=2.5), 'k1__k1__constant_value': np.float64(0.6525824769723465), 'k1__k1__constant_value_bounds': (0.001, 10000.0), 'k1__k2__length_scale': array([ 0.36948044,  1.18193322, 10.15030049,  0.12058886,  0.20849852,
       10.15030049]), 'k1__k2__length_scale_bounds': (0.010150300491403828, 10.150300491403828), 'k1__k2__nu': np.float64(2.5), 'k2__noise_level': np.float64(9.999999999999982e-09), 'k2__noise_level_bounds': (1e-08, np.float64(0.357229075412568))}","[0.9883781118922563, 0.17704921285026587, 0.3011794603671347, 0.6743481141496438, 0.935911934404619, 0.6804357894624202]",0.3137734980855761,0.753313247779473,"[{'type': 'noise_collapse', 'severity': 0.8, 'details': {'noise_level': 1e-08}}]",{'acq': 'EI'}
7,GP health,0.7567836972573403,-45.22416764082769,9.835144217992956e-05,62.381417754408474,2,0.7,"['noise_collapse', 'heteroscedasticity']"
7,GP anomalies,Sum,"{'k1': 0.808**2 * Matern(length_scale=[0.626, 10.2, 10.2, 0.182, 0.222, 0.338], nu=1.5), 'k2': WhiteKernel(noise_level=2.77e-08), 'k1__k1': 0.808**2, 'k1__k2': Matern(length_scale=[0.626, 10.2, 10.2, 0.182, 0.222, 0.338], nu=1.5), 'k1__k1__constant_value': np.float64(0.6528033248460631), 'k1__k1__constant_value_bounds': (0.001, 10000.0), 'k1__k2__length_scale': array([ 0.62630761, 10.18425073, 10.18425073,  0.18217561,  0.22193912,
        0.33839346]), 'k1__k2__length_scale_bounds': (0.010184250729879205, 10.184250729879205), 'k1__k2__nu': np.float64(1.5), 'k2__noise_level': np.float64(2.7734883535389008e-08), 'k2__noise_level_bounds': (1e-08, np.float64(0.3415879625710475))}",2,0.7,"['noise_collapse', 'heteroscedasticity']"
7,6D ML Hyperparameters,EI,"0.808**2 * Matern(length_scale=[0.626, 10.2, 10.2, 0.182, 0.222, 0.338], nu=1.5) + WhiteKernel(noise_level=2.77e-08)","{'k1': 0.808**2 * Matern(length_scale=[0.626, 10.2, 10.2, 0.182, 0.222, 0.338], nu=1.5), 'k2': WhiteKernel(noise_level=2.77e-08), 'k1__k1': 0.808**2, 'k1__k2': Matern(length_scale=[0.626, 10.2, 10.2, 0.182, 0.222, 0.338], nu=1.5), 'k1__k1__constant_value': np.float64(0.6528033248460631), 'k1__k1__constant_value_bounds': (0.001, 10000.0), 'k1__k2__length_scale': array([ 0.62630761, 10.18425073, 10.18425073,  0.18217561,  0.22193912,
        0.33839346]), 'k1__k2__length_scale_bounds': (0.010184250729879205, 10.184250729879205), 'k1__k2__nu': np.float64(1.5), 'k2__noise_level': np.float64(2.7734883535389008e-08), 'k2__noise_level_bounds': (1e-08, np.float64(0.3415879625710475))}","[0.039997793530352155, 0.6763242297359717, 0.6525108155146143, 0.25549944794784407, 0.03467049340693684, 0.9546055961796454]",0.5191003310514073,0.7567836972573403,"[{'type': 'noise_collapse', 'severity': 0.8, 'details': {'noise_level': 1e-08}}, {'type': 'heteroscedasticity', 'severity': 0.6, 'details': {'corr_residuals': np.float64(0.6065460310711536)}}]",{'acq': 'EI'}
8,GP health,0.7526030051947178,-46.171367235108825,5.860572349094079e-05,79.54204562309496,1,0.8,['noise_collapse']
8,GP anomalies,Sum,"{'k1': 0.804**2 * Matern(length_scale=[0.531, 1.35, 10.2, 0.153, 0.227, 0.395], nu=2.5), 'k2': WhiteKernel(noise_level=1e-08), 'k1__k1': 0.804**2, 'k1__k2': Matern(length_scale=[0.531, 1.35, 10.2, 0.153, 0.227, 0.395], nu=2.5), 'k1__k1__constant_value': np.float64(0.6462700227120738), 'k1__k1__constant_value_bounds': (0.001, 10000.0), 'k1__k2__length_scale': array([ 0.53081377,  1.34711543, 10.20172953,  0.1528431 ,  0.22724933,
        0.39482068]), 'k1__k2__length_scale_bounds': (0.01020172953001109, 10.20172953001109), 'k1__k2__nu': np.float64(2.5), 'k2__noise_level': np.float64(9.999999999999982e-09), 'k2__noise_level_bounds': (1e-08, np.float64(0.3273456895416513))}",1,0.8,['noise_collapse']
8,6D ML Hyperparameters,EI,"0.804**2 * Matern(length_scale=[0.531, 1.35, 10.2, 0.153, 0.227, 0.395], nu=2.5) + WhiteKernel(noise_level=1e-08)","{'k1': 0.804**2 * Matern(length_scale=[0.531, 1.35, 10.2, 0.153, 0.227, 0.395], nu=2.5), 'k2': WhiteKernel(noise_level=1e-08), 'k1__k1': 0.804**2, 'k1__k2': Matern(length_scale=[0.531, 1.35, 10.2, 0.153, 0.227, 0.395], nu=2.5), 'k1__k1__constant_value': np.float64(0.6462700227120738), 'k1__k1__constant_value_bounds': (0.001, 10000.0), 'k1__k2__length_scale': array([ 0.53081377,  1.34711543, 10.20172953,  0.1528431 ,  0.22724933,
        0.39482068]), 'k1__k2__length_scale_bounds': (0.01020172953001109, 10.20172953001109), 'k1__k2__nu': np.float64(2.5), 'k2__noise_level': np.float64(9.999999999999982e-09), 'k2__noise_level_bounds': (1e-08, np.float64(0.3273456895416513))}","[0.8877581805624231, 0.643171391760909, 0.9932780046633312, 0.6418268527242205, 0.48638133411045614, 0.9398996816793038]",0.3866393766498129,0.7526030051947178,"[{'type': 'noise_collapse', 'severity': 0.8, 'details': {'noise_level': 1e-08}}]",{'acq': 'EI'}
9,GP health,0.7498698361928122,-46.795734589548985,0.0003093544262925946,92.68716340252149,1,0.8,['noise_collapse']
9,GP anomalies,Sum,"{'k1': 0.812**2 * Matern(length_scale=[0.379, 1.25, 10.3, 0.12, 0.209, 10.3], nu=2.5), 'k2': WhiteKernel(noise_level=2.86e-07), 'k1__k1': 0.812**2, 'k1__k2': Matern(length_scale=[0.379, 1.25, 10.3, 0.12, 0.209, 10.3], nu=2.5), 'k1__k1__constant_value': np.float64(0.6595978188144009), 'k1__k1__constant_value_bounds': (0.001, 10000.0), 'k1__k2__length_scale': array([ 0.37884616,  1.24892469, 10.25264462,  0.12045828,  0.20872354,
       10.25264462]), 'k1__k2__length_scale_bounds': (0.01025264462478358, 10.25264462478358), 'k1__k2__nu': np.float64(2.5), 'k2__noise_level': np.float64(2.8614097145582916e-07), 'k2__noise_level_bounds': (1e-08, np.float64(0.31318548592299894))}",1,0.8,['noise_collapse']
9,6D ML Hyperparameters,EI,"0.812**2 * Matern(length_scale=[0.379, 1.25, 10.3, 0.12, 0.209, 10.3], nu=2.5) + WhiteKernel(noise_level=2.86e-07)","{'k1': 0.812**2 * Matern(length_scale=[0.379, 1.25, 10.3, 0.12, 0.209, 10.3], nu=2.5), 'k2': WhiteKernel(noise_level=2.86e-07), 'k1__k1': 0.812**2, 'k1__k2': Matern(length_scale=[0.379, 1.25, 10.3, 0.12, 0.209, 10.3], nu=2.5), 'k1__k1__constant_value': np.float64(0.6595978188144009), 'k1__k1__constant_value_bounds': (0.001, 10000.0), 'k1__k2__length_scale': array([ 0.37884616,  1.24892469, 10.25264462,  0.12045828,  0.20872354,
       10.25264462]), 'k1__k2__length_scale_bounds': (0.01025264462478358, 10.25264462478358), 'k1__k2__nu': np.float64(2.5), 'k2__noise_level': np.float64(2.8614097145582916e-07), 'k2__noise_level_bounds': (1e-08, np.float64(0.31318548592299894))}","[0.9698539966762637, 0.5378155897398653, 0.28681501177418633, 0.7420244979995988, 0.013064192145039177, 0.7367746506683837]",0.3227718663932818,0.7498698361928122,"[{'type': 'noise_collapse', 'severity': 0.8, 'details': {'noise_level': 1e-08}}]",{'acq': 'EI'}
10,GP health,0.7507394181895881,-48.25171505025372,5.735330418108647e-05,81.70008500806678,1,0.8,['noise_collapse']
10,GP anomalies,Sum,"{'k1': 0.815**2 * Matern(length_scale=[0.391, 1.72, 10.3, 0.132, 0.215, 10.3], nu=1.5), 'k2': WhiteKernel(noise_level=1e-08), 'k1__k1': 0.815**2, 'k1__k2': Matern(length_scale=[0.391, 1.72, 10.3, 0.132, 0.215, 10.3], nu=1.5), 'k1__k1__constant_value': np.float64(0.6646980849902596), 'k1__k1__constant_value_bounds': (0.001, 10000.0), 'k1__k2__length_scale': array([ 0.39052405,  1.71945384, 10.26268507,  0.13222446,  0.21536114,
       10.26268507]), 'k1__k2__length_scale_bounds': (0.010262685065462433, 10.262685065462433), 'k1__k2__nu': np.float64(1.5), 'k2__noise_level': np.float64(9.999999999999982e-09), 'k2__noise_level_bounds': (1e-08, np.float64(0.29968987654469015))}",1,0.8,['noise_collapse']
10,6D ML Hyperparameters,EI,"0.815**2 * Matern(length_scale=[0.391, 1.72, 10.3, 0.132, 0.215, 10.3], nu=1.5) + WhiteKernel(noise_level=1e-08)","{'k1': 0.815**2 * Matern(length_scale=[0.391, 1.72, 10.3, 0.132, 0.215, 10.3], nu=1.5), 'k2': WhiteKernel(noise_level=1e-08), 'k1__k1': 0.815**2, 'k1__k2': Matern(length_scale=[0.391, 1.72, 10.3, 0.132, 0.215, 10.3], nu=1.5), 'k1__k1__constant_value': np.float64(0.6646980849902596), 'k1__k1__constant_value_bounds': (0.001, 10000.0), 'k1__k2__length_scale': array([ 0.39052405,  1.71945384, 10.26268507,  0.13222446,  0.21536114,
       10.26268507]), 'k1__k2__length_scale_bounds': (0.010262685065462433, 10.262685065462433), 'k1__k2__nu': np.float64(1.5), 'k2__noise_level': np.float64(9.999999999999982e-09), 'k2__noise_level_bounds': (1e-08, np.float64(0.29968987654469015))}","[0.0, 0.0, 0.0942427314127075, 0.16074326353060525, 0.3775221889246927, 0.5379066234270731]",1.8951113478133204,0.7507394181895881,"[{'type': 'noise_collapse', 'severity': 0.8, 'details': {'noise_level': 1e-08}}]",{'acq': 'EI'}
11,GP health,0.7294062075310649,-41.35889329320992,6.483481167212663e-05,500.83786793272543,1,0.8,['noise_collapse']
11,GP anomalies,Sum,"{'k1': 0.719**2 * Matern(length_scale=[0.382, 1.18, 10.3, 0.123, 0.209, 10.3], nu=2.5), 'k2': WhiteKernel(noise_level=1e-08), 'k1__k1': 0.719**2, 'k1__k2': Matern(length_scale=[0.382, 1.18, 10.3, 0.123, 0.209, 10.3], nu=2.5), 'k1__k1__constant_value': np.float64(0.5167088576158279), 'k1__k1__constant_value_bounds': (0.001, 10000.0), 'k1__k2__length_scale': array([ 0.38160645,  1.18142363, 10.25677371,  0.12309524,  0.20851312,
       10.25677371]), 'k1__k2__length_scale_bounds': (0.010256773707316598, 10.256773707316597), 'k1__k2__nu': np.float64(2.5), 'k2__noise_level': np.float64(9.999999999999982e-09), 'k2__noise_level_bounds': (1e-08, np.float64(0.3276765829859244))}",1,0.8,['noise_collapse']
11,6D ML Hyperparameters,EI,"0.719**2 * Matern(length_scale=[0.382, 1.18, 10.3, 0.123, 0.209, 10.3], nu=2.5) + WhiteKernel(noise_level=1e-08)","{'k1': 0.719**2 * Matern(length_scale=[0.382, 1.18, 10.3, 0.123, 0.209, 10.3], nu=2.5), 'k2': WhiteKernel(noise_level=1e-08), 'k1__k1': 0.719**2, 'k1__k2': Matern(length_scale=[0.382, 1.18, 10.3, 0.123, 0.209, 10.3], nu=2.5), 'k1__k1__constant_value': np.float64(0.5167088576158279), 'k1__k1__constant_value_bounds': (0.001, 10000.0), 'k1__k2__length_scale': array([ 0.38160645,  1.18142363, 10.25677371,  0.12309524,  0.20851312,
       10.25677371]), 'k1__k2__length_scale_bounds': (0.010256773707316598, 10.256773707316597), 'k1__k2__nu': np.float64(2.5), 'k2__noise_level': np.float64(9.999999999999982e-09), 'k2__noise_level_bounds': (1e-08, np.float64(0.3276765829859244))}","[0.0, 0.018891651139163856, 0.2447419609894899, 0.18105371752923724, 0.36604428794011534, 0.49139430114968236]",1.8965964595391944,0.7294062075310649,"[{'type': 'noise_collapse', 'severity': 0.8, 'details': {'noise_level': 1e-08}}]",{'acq': 'EI'}
12,GP health,0.728733880850875,-36.44554443291104,7.101345670996154e-05,670.312931840136,1,0.8,['noise_collapse']
12,GP anomalies,Sum,"{'k1': 0.682**2 * Matern(length_scale=[0.449, 1.94, 10.2, 0.142, 0.236, 10.2], nu=1.5), 'k2': WhiteKernel(noise_level=1e-08), 'k1__k1': 0.682**2, 'k1__k2': Matern(length_scale=[0.449, 1.94, 10.2, 0.142, 0.236, 10.2], nu=1.5), 'k1__k1__constant_value': np.float64(0.46482430161168914), 'k1__k1__constant_value_bounds': (0.001, 10000.0), 'k1__k2__length_scale': array([ 0.44901053,  1.94214391, 10.22795415,  0.14198166,  0.23571811,
       10.22795415]), 'k1__k2__length_scale_bounds': (0.01022795415171787, 10.22795415171787), 'k1__k2__nu': np.float64(1.5), 'k2__noise_level': np.float64(9.999999999999982e-09), 'k2__noise_level_bounds': (1e-08, np.float64(0.3471373371685552))}",1,0.8,['noise_collapse']
12,6D ML Hyperparameters,EI,"0.682**2 * Matern(length_scale=[0.449, 1.94, 10.2, 0.142, 0.236, 10.2], nu=1.5) + WhiteKernel(noise_level=1e-08)","{'k1': 0.682**2 * Matern(length_scale=[0.449, 1.94, 10.2, 0.142, 0.236, 10.2], nu=1.5), 'k2': WhiteKernel(noise_level=1e-08), 'k1__k1': 0.682**2, 'k1__k2': Matern(length_scale=[0.449, 1.94, 10.2, 0.142, 0.236, 10.2], nu=1.5), 'k1__k1__constant_value': np.float64(0.46482430161168914), 'k1__k1__constant_value_bounds': (0.001, 10000.0), 'k1__k2__length_scale': array([ 0.44901053,  1.94214391, 10.22795415,  0.14198166,  0.23571811,
       10.22795415]), 'k1__k2__length_scale_bounds': (0.01022795415171787, 10.22795415171787), 'k1__k2__nu': np.float64(1.5), 'k2__noise_level': np.float64(9.999999999999982e-09), 'k2__noise_level_bounds': (1e-08, np.float64(0.3471373371685552))}","[0.0, 0.0, 0.030951237973286805, 0.17316923185232055, 0.3813383858521249, 1.0]",1.9120742352217994,0.728733880850875,"[{'type': 'noise_collapse', 'severity': 0.8, 'details': {'noise_level': 1e-08}}]",{'acq': 'EI'}
13,GP health,0.7240948498047234,-31.471734510819505,7.635869360240342e-05,1186.152903462173,1,0.8,['noise_collapse']
13,GP anomalies,Sum,"{'k1': 0.642**2 * Matern(length_scale=[0.469, 1.99, 10.3, 0.145, 0.243, 10.3], nu=1.5), 'k2': WhiteKernel(noise_level=1e-08), 'k1__k1': 0.642**2, 'k1__k2': Matern(length_scale=[0.469, 1.99, 10.3, 0.145, 0.243, 10.3], nu=1.5), 'k1__k1__constant_value': np.float64(0.4126914773209325), 'k1__k1__constant_value_bounds': (0.001, 10000.0), 'k1__k2__length_scale': array([ 0.46928551,  1.99386758, 10.25600248,  0.14517031,  0.24278568,
       10.25600248]), 'k1__k2__length_scale_bounds': (0.01025600248052656, 10.256002480526561), 'k1__k2__nu': np.float64(1.5), 'k2__noise_level': np.float64(9.999999999999982e-09), 'k2__noise_level_bounds': (1e-08, np.float64(0.3610295021549679))}",1,0.8,['noise_collapse']
13,6D ML Hyperparameters,EI,"0.642**2 * Matern(length_scale=[0.469, 1.99, 10.3, 0.145, 0.243, 10.3], nu=1.5) + WhiteKernel(noise_level=1e-08)","{'k1': 0.642**2 * Matern(length_scale=[0.469, 1.99, 10.3, 0.145, 0.243, 10.3], nu=1.5), 'k2': WhiteKernel(noise_level=1e-08), 'k1__k1': 0.642**2, 'k1__k2': Matern(length_scale=[0.469, 1.99, 10.3, 0.145, 0.243, 10.3], nu=1.5), 'k1__k1__constant_value': np.float64(0.4126914773209325), 'k1__k1__constant_value_bounds': (0.001, 10000.0), 'k1__k2__length_scale': array([ 0.46928551,  1.99386758, 10.25600248,  0.14517031,  0.24278568,
       10.25600248]), 'k1__k2__length_scale_bounds': (0.01025600248052656, 10.256002480526561), 'k1__k2__nu': np.float64(1.5), 'k2__noise_level': np.float64(9.999999999999982e-09), 'k2__noise_level_bounds': (1e-08, np.float64(0.3610295021549679))}","[0.0, 0.0, 0.3155843149678303, 0.16839426269083196, 0.4020101193352479, 0.6071615290344945]",1.8871658523523223,0.7240948498047234,"[{'type': 'noise_collapse', 'severity': 0.8, 'details': {'noise_level': 1e-08}}]",{'acq': 'EI'}
14,GP health,0.7167422056580629,-26.75784846894026,8.077897260571449e-05,2503.3517496564823,1,0.8,['noise_collapse']
14,GP anomalies,Sum,"{'k1': 0.602**2 * Matern(length_scale=[0.426, 1.21, 10.2, 0.131, 0.23, 10.2], nu=2.5), 'k2': WhiteKernel(noise_level=1e-08), 'k1__k1': 0.602**2, 'k1__k2': Matern(length_scale=[0.426, 1.21, 10.2, 0.131, 0.23, 10.2], nu=2.5), 'k1__k1__constant_value': np.float64(0.3620538003984253), 'k1__k1__constant_value_bounds': (0.001, 10000.0), 'k1__k2__length_scale': array([ 0.42615844,  1.21490521, 10.21856191,  0.13107409,  0.23006699,
       10.21856191]), 'k1__k2__length_scale_bounds': (0.010218561908554698, 10.218561908554697), 'k1__k2__nu': np.float64(2.5), 'k2__noise_level': np.float64(9.999999999999982e-09), 'k2__noise_level_bounds': (1e-08, np.float64(0.3694078096894561))}",1,0.8,['noise_collapse']
14,6D ML Hyperparameters,EI,"0.602**2 * Matern(length_scale=[0.426, 1.21, 10.2, 0.131, 0.23, 10.2], nu=2.5) + WhiteKernel(noise_level=1e-08)","{'k1': 0.602**2 * Matern(length_scale=[0.426, 1.21, 10.2, 0.131, 0.23, 10.2], nu=2.5), 'k2': WhiteKernel(noise_level=1e-08), 'k1__k1': 0.602**2, 'k1__k2': Matern(length_scale=[0.426, 1.21, 10.2, 0.131, 0.23, 10.2], nu=2.5), 'k1__k1__constant_value': np.float64(0.3620538003984253), 'k1__k1__constant_value_bounds': (0.001, 10000.0), 'k1__k2__length_scale': array([ 0.42615844,  1.21490521, 10.21856191,  0.13107409,  0.23006699,
       10.21856191]), 'k1__k2__length_scale_bounds': (0.010218561908554698, 10.218561908554697), 'k1__k2__nu': np.float64(2.5), 'k2__noise_level': np.float64(9.999999999999982e-09), 'k2__noise_level_bounds': (1e-08, np.float64(0.3694078096894561))}","[0.0, 0.16174083880605444, 0.03130619385777759, 0.1719204899938597, 0.38497505338660437, 0.7629757363641081]",1.8948096109928647,0.7167422056580629,"[{'type': 'noise_collapse', 'severity': 0.8, 'details': {'noise_level': 1e-08}}]",{'acq': 'EI'}
15,GP health,0.7143348113161596,-22.87230899743485,8.4680865986548e-05,3604.113543766715,1,0.8,['noise_collapse']
15,GP anomalies,Sum,"{'k1': 0.587**2 * Matern(length_scale=[0.457, 1.26, 10.2, 0.134, 0.236, 10.2], nu=2.5), 'k2': WhiteKernel(noise_level=1e-08), 'k1__k1': 0.587**2, 'k1__k2': Matern(length_scale=[0.457, 1.26, 10.2, 0.134, 0.236, 10.2], nu=2.5), 'k1__k1__constant_value': np.float64(0.3445337186853221), 'k1__k1__constant_value_bounds': (0.001, 10000.0), 'k1__k2__length_scale': array([ 0.45746303,  1.26037297, 10.18687657,  0.13430016,  0.23595971,
       10.18687657]), 'k1__k2__length_scale_bounds': (0.010186876573968795, 10.186876573968796), 'k1__k2__nu': np.float64(2.5), 'k2__noise_level': np.float64(9.999999999999982e-09), 'k2__noise_level_bounds': (1e-08, np.float64(0.3745558426739884))}",1,0.8,['noise_collapse']
15,6D ML Hyperparameters,EI,"0.587**2 * Matern(length_scale=[0.457, 1.26, 10.2, 0.134, 0.236, 10.2], nu=2.5) + WhiteKernel(noise_level=1e-08)","{'k1': 0.587**2 * Matern(length_scale=[0.457, 1.26, 10.2, 0.134, 0.236, 10.2], nu=2.5), 'k2': WhiteKernel(noise_level=1e-08), 'k1__k1': 0.587**2, 'k1__k2': Matern(length_scale=[0.457, 1.26, 10.2, 0.134, 0.236, 10.2], nu=2.5), 'k1__k1__constant_value': np.float64(0.3445337186853221), 'k1__k1__constant_value_bounds': (0.001, 10000.0), 'k1__k2__length_scale': array([ 0.45746303,  1.26037297, 10.18687657,  0.13430016,  0.23595971,
       10.18687657]), 'k1__k2__length_scale_bounds': (0.010186876573968795, 10.186876573968796), 'k1__k2__nu': np.float64(2.5), 'k2__noise_level': np.float64(9.999999999999982e-09), 'k2__noise_level_bounds': (1e-08, np.float64(0.3745558426739884))}","[0.07656075563151717, 0.0, 0.1353223252425855, 0.167770939611182, 0.36175442175028216, 0.7788036913262917]",1.8640737846847715,0.7143348113161596,"[{'type': 'noise_collapse', 'severity': 0.8, 'details': {'noise_level': 1e-08}}]",{'acq': 'EI'}
16,GP health,0.701319763724131,-20.536138975805528,8.793123538272077e-05,9980.899659104578,1,0.8,['noise_collapse']
16,GP anomalies,Sum,"{'k1': 0.604**2 * Matern(length_scale=[0.582, 3.04, 10.2, 0.155, 0.279, 10.2], nu=1.5), 'k2': WhiteKernel(noise_level=1e-08), 'k1__k1': 0.604**2, 'k1__k2': Matern(length_scale=[0.582, 3.04, 10.2, 0.155, 0.279, 10.2], nu=1.5), 'k1__k1__constant_value': np.float64(0.36520232187714374), 'k1__k1__constant_value_bounds': (0.001, 10000.0), 'k1__k2__length_scale': array([ 0.58163099,  3.04072352, 10.15085728,  0.15528079,  0.27874852,
       10.15085728]), 'k1__k2__length_scale_bounds': (0.01015085727703326, 10.15085727703326), 'k1__k2__nu': np.float64(1.5), 'k2__noise_level': np.float64(9.999999999999982e-09), 'k2__noise_level_bounds': (1e-08, np.float64(0.3761819890070213))}",1,0.8,['noise_collapse']
16,6D ML Hyperparameters,EI,"0.604**2 * Matern(length_scale=[0.582, 3.04, 10.2, 0.155, 0.279, 10.2], nu=1.5) + WhiteKernel(noise_level=1e-08)","{'k1': 0.604**2 * Matern(length_scale=[0.582, 3.04, 10.2, 0.155, 0.279, 10.2], nu=1.5), 'k2': WhiteKernel(noise_level=1e-08), 'k1__k1': 0.604**2, 'k1__k2': Matern(length_scale=[0.582, 3.04, 10.2, 0.155, 0.279, 10.2], nu=1.5), 'k1__k1__constant_value': np.float64(0.36520232187714374), 'k1__k1__constant_value_bounds': (0.001, 10000.0), 'k1__k2__length_scale': array([ 0.58163099,  3.04072352, 10.15085728,  0.15528079,  0.27874852,
       10.15085728]), 'k1__k2__length_scale_bounds': (0.01015085727703326, 10.15085727703326), 'k1__k2__nu': np.float64(1.5), 'k2__noise_level': np.float64(9.999999999999982e-09), 'k2__noise_level_bounds': (1e-08, np.float64(0.3761819890070213))}","[0.0, 0.0, 0.0021875869868539545, 0.1736058462372447, 0.3557297942990039, 0.6941661143909806]",1.8965117048751627,0.701319763724131,"[{'type': 'noise_collapse', 'severity': 0.8, 'details': {'noise_level': 1e-08}}]",{'acq': 'EI'}
17,GP health,0.679931376101004,-14.80027841284857,9.098924009763884e-05,58727.312707392404,1,0.8,['noise_collapse']
17,GP anomalies,Sum,"{'k1': 0.575**2 * Matern(length_scale=[0.506, 1.27, 10.1, 0.144, 0.261, 10.1], nu=2.5), 'k2': WhiteKernel(noise_level=1e-08), 'k1__k1': 0.575**2, 'k1__k2': Matern(length_scale=[0.506, 1.27, 10.1, 0.144, 0.261, 10.1], nu=2.5), 'k1__k1__constant_value': np.float64(0.3307174363305815), 'k1__k1__constant_value_bounds': (0.001, 10000.0), 'k1__k2__length_scale': array([ 0.50614224,  1.26929926, 10.1291598 ,  0.14362775,  0.26118417,
       10.1291598 ]), 'k1__k2__length_scale_bounds': (0.010129159797307543, 10.129159797307544), 'k1__k2__nu': np.float64(2.5), 'k2__noise_level': np.float64(9.999999999999982e-09), 'k2__noise_level_bounds': (1e-08, np.float64(0.37650333573972933))}",1,0.8,['noise_collapse']
17,6D ML Hyperparameters,EI,"0.575**2 * Matern(length_scale=[0.506, 1.27, 10.1, 0.144, 0.261, 10.1], nu=2.5) + WhiteKernel(noise_level=1e-08)","{'k1': 0.575**2 * Matern(length_scale=[0.506, 1.27, 10.1, 0.144, 0.261, 10.1], nu=2.5), 'k2': WhiteKernel(noise_level=1e-08), 'k1__k1': 0.575**2, 'k1__k2': Matern(length_scale=[0.506, 1.27, 10.1, 0.144, 0.261, 10.1], nu=2.5), 'k1__k1__constant_value': np.float64(0.3307174363305815), 'k1__k1__constant_value_bounds': (0.001, 10000.0), 'k1__k2__length_scale': array([ 0.50614224,  1.26929926, 10.1291598 ,  0.14362775,  0.26118417,
       10.1291598 ]), 'k1__k2__length_scale_bounds': (0.010129159797307543, 10.129159797307544), 'k1__k2__nu': np.float64(2.5), 'k2__noise_level': np.float64(9.999999999999982e-09), 'k2__noise_level_bounds': (1e-08, np.float64(0.37650333573972933))}","[0.03964132710133585, 0.0, 0.0, 0.18885038687300448, 0.4139390714158148, 1.0]",1.8381789595069509,0.679931376101004,"[{'type': 'noise_collapse', 'severity': 0.8, 'details': {'noise_level': 1e-08}}]",{'acq': 'EI'}
18,GP health,0.6773697285154279,-11.689528255534292,9.341515053205797e-05,82290.96398787794,1,0.8,['noise_collapse']
18,GP anomalies,Sum,"{'k1': 0.571**2 * Matern(length_scale=[0.522, 1.29, 10.1, 0.148, 0.268, 10.1], nu=2.5), 'k2': WhiteKernel(noise_level=1e-08), 'k1__k1': 0.571**2, 'k1__k2': Matern(length_scale=[0.522, 1.29, 10.1, 0.148, 0.268, 10.1], nu=2.5), 'k1__k1__constant_value': np.float64(0.3263421989844431), 'k1__k1__constant_value_bounds': (0.001, 10000.0), 'k1__k2__length_scale': array([ 0.52219485,  1.2943516 , 10.12901663,  0.1476453 ,  0.26787886,
       10.12901663]), 'k1__k2__length_scale_bounds': (0.010129016633066817, 10.129016633066817), 'k1__k2__nu': np.float64(2.5), 'k2__noise_level': np.float64(9.999999999999982e-09), 'k2__noise_level_bounds': (1e-08, np.float64(0.37386929410694253))}",1,0.8,['noise_collapse']
18,6D ML Hyperparameters,EI,"0.571**2 * Matern(length_scale=[0.522, 1.29, 10.1, 0.148, 0.268, 10.1], nu=2.5) + WhiteKernel(noise_level=1e-08)","{'k1': 0.571**2 * Matern(length_scale=[0.522, 1.29, 10.1, 0.148, 0.268, 10.1], nu=2.5), 'k2': WhiteKernel(noise_level=1e-08), 'k1__k1': 0.571**2, 'k1__k2': Matern(length_scale=[0.522, 1.29, 10.1, 0.148, 0.268, 10.1], nu=2.5), 'k1__k1__constant_value': np.float64(0.3263421989844431), 'k1__k1__constant_value_bounds': (0.001, 10000.0), 'k1__k2__length_scale': array([ 0.52219485,  1.2943516 , 10.12901663,  0.1476453 ,  0.26787886,
       10.12901663]), 'k1__k2__length_scale_bounds': (0.010129016633066817, 10.129016633066817), 'k1__k2__nu': np.float64(2.5), 'k2__noise_level': np.float64(9.999999999999982e-09), 'k2__noise_level_bounds': (1e-08, np.float64(0.37386929410694253))}","[0.0, 0.055345599811532135, 0.3566038020267273, 0.1531801618863868, 0.3842256895043163, 1.0]",1.869314428325658,0.6773697285154279,"[{'type': 'noise_collapse', 'severity': 0.8, 'details': {'noise_level': 1e-08}}]",{'acq': 'EI'}
19,GP health,0.6765663741695122,-8.26617748438899,9.573376496378124e-05,103815.9425536341,1,0.8,['noise_collapse']
19,GP anomalies,Sum,"{'k1': 0.567**2 * Matern(length_scale=[0.537, 1.32, 10.1, 0.151, 0.273, 10.1], nu=2.5), 'k2': WhiteKernel(noise_level=1e-08), 'k1__k1': 0.567**2, 'k1__k2': Matern(length_scale=[0.537, 1.32, 10.1, 0.151, 0.273, 10.1], nu=2.5), 'k1__k1__constant_value': np.float64(0.3217736875247064), 'k1__k1__constant_value_bounds': (0.001, 10000.0), 'k1__k2__length_scale': array([ 0.53721954,  1.31676587, 10.10709377,  0.15112729,  0.27324637,
       10.10709377]), 'k1__k2__length_scale_bounds': (0.01010709376913689, 10.10709376913689), 'k1__k2__nu': np.float64(2.5), 'k2__noise_level': np.float64(9.999999999999982e-09), 'k2__noise_level_bounds': (1e-08, np.float64(0.3705879351929538))}",1,0.8,['noise_collapse']
19,6D ML Hyperparameters,EI,"0.567**2 * Matern(length_scale=[0.537, 1.32, 10.1, 0.151, 0.273, 10.1], nu=2.5) + WhiteKernel(noise_level=1e-08)","{'k1': 0.567**2 * Matern(length_scale=[0.537, 1.32, 10.1, 0.151, 0.273, 10.1], nu=2.5), 'k2': WhiteKernel(noise_level=1e-08), 'k1__k1': 0.567**2, 'k1__k2': Matern(length_scale=[0.537, 1.32, 10.1, 0.151, 0.273, 10.1], nu=2.5), 'k1__k1__constant_value': np.float64(0.3217736875247064), 'k1__k1__constant_value_bounds': (0.001, 10000.0), 'k1__k2__length_scale': array([ 0.53721954,  1.31676587, 10.10709377,  0.15112729,  0.27324637,
       10.10709377]), 'k1__k2__length_scale_bounds': (0.01010709376913689, 10.10709376913689), 'k1__k2__nu': np.float64(2.5), 'k2__noise_level': np.float64(9.999999999999982e-09), 'k2__noise_level_bounds': (1e-08, np.float64(0.3705879351929538))}","[0.0, 0.11599159567563644, 0.043300982363843186, 0.165301484056966, 0.3677063201820508, 1.0]",1.8997513957233365,0.6765663741695122,"[{'type': 'noise_collapse', 'severity': 0.8, 'details': {'noise_level': 1e-08}}]",{'acq': 'EI'}
20,GP health,0.6760151215555481,-3.861777564849369,9.795325640538931e-05,135452.0614215234,1,0.8,['noise_collapse']
20,GP anomalies,Sum,"{'k1': 0.566**2 * Matern(length_scale=[0.549, 1.36, 10.1, 0.155, 0.282, 10.1], nu=2.5), 'k2': WhiteKernel(noise_level=1e-08), 'k1__k1': 0.566**2, 'k1__k2': Matern(length_scale=[0.549, 1.36, 10.1, 0.155, 0.282, 10.1], nu=2.5), 'k1__k1__constant_value': np.float64(0.320594678189942), 'k1__k1__constant_value_bounds': (0.001, 10000.0), 'k1__k2__length_scale': array([ 0.54860124,  1.35750804, 10.08793801,  0.15481884,  0.28184487,
       10.08793801]), 'k1__k2__length_scale_bounds': (0.010087938009100836, 10.087938009100837), 'k1__k2__nu': np.float64(2.5), 'k2__noise_level': np.float64(9.999999999999982e-09), 'k2__noise_level_bounds': (1e-08, np.float64(0.36674905337567715))}",1,0.8,['noise_collapse']
20,6D ML Hyperparameters,EI,"0.566**2 * Matern(length_scale=[0.549, 1.36, 10.1, 0.155, 0.282, 10.1], nu=2.5) + WhiteKernel(noise_level=1e-08)","{'k1': 0.566**2 * Matern(length_scale=[0.549, 1.36, 10.1, 0.155, 0.282, 10.1], nu=2.5), 'k2': WhiteKernel(noise_level=1e-08), 'k1__k1': 0.566**2, 'k1__k2': Matern(length_scale=[0.549, 1.36, 10.1, 0.155, 0.282, 10.1], nu=2.5), 'k1__k1__constant_value': np.float64(0.320594678189942), 'k1__k1__constant_value_bounds': (0.001, 10000.0), 'k1__k2__length_scale': array([ 0.54860124,  1.35750804, 10.08793801,  0.15481884,  0.28184487,
       10.08793801]), 'k1__k2__length_scale_bounds': (0.010087938009100836, 10.087938009100837), 'k1__k2__nu': np.float64(2.5), 'k2__noise_level': np.float64(9.999999999999982e-09), 'k2__noise_level_bounds': (1e-08, np.float64(0.36674905337567715))}","[0.0, 0.05214276844517895, 0.2871995859869972, 0.17531463047907658, 0.37588832232799024, 1.0]",1.9082734129396526,0.6760151215555481,"[{'type': 'noise_collapse', 'severity': 0.8, 'details': {'noise_level': 1e-08}}]",{'acq': 'EI'}
21,GP health,0.6712950518693305,0.7015632434000096,9.99866850978684e-05,237702.48226357458,1,0.8,['noise_collapse']
21,GP anomalies,Sum,"{'k1': 0.564**2 * Matern(length_scale=[0.559, 1.38, 10.1, 0.159, 0.287, 10.1], nu=2.5), 'k2': WhiteKernel(noise_level=1e-08), 'k1__k1': 0.564**2, 'k1__k2': Matern(length_scale=[0.559, 1.38, 10.1, 0.159, 0.287, 10.1], nu=2.5), 'k1__k1__constant_value': np.float64(0.31829806255614707), 'k1__k1__constant_value_bounds': (0.001, 10000.0), 'k1__k2__length_scale': array([ 0.55948715,  1.37881189, 10.05678621,  0.15863423,  0.28721795,
       10.05678621]), 'k1__k2__length_scale_bounds': (0.010056786208226316, 10.056786208226317), 'k1__k2__nu': np.float64(2.5), 'k2__noise_level': np.float64(9.999999999999982e-09), 'k2__noise_level_bounds': (1e-08, np.float64(0.3620901087733228))}",1,0.8,['noise_collapse']
21,6D ML Hyperparameters,EI,"0.564**2 * Matern(length_scale=[0.559, 1.38, 10.1, 0.159, 0.287, 10.1], nu=2.5) + WhiteKernel(noise_level=1e-08)","{'k1': 0.564**2 * Matern(length_scale=[0.559, 1.38, 10.1, 0.159, 0.287, 10.1], nu=2.5), 'k2': WhiteKernel(noise_level=1e-08), 'k1__k1': 0.564**2, 'k1__k2': Matern(length_scale=[0.559, 1.38, 10.1, 0.159, 0.287, 10.1], nu=2.5), 'k1__k1__constant_value': np.float64(0.31829806255614707), 'k1__k1__constant_value_bounds': (0.001, 10000.0), 'k1__k2__length_scale': array([ 0.55948715,  1.37881189, 10.05678621,  0.15863423,  0.28721795,
       10.05678621]), 'k1__k2__length_scale_bounds': (0.010056786208226316, 10.056786208226317), 'k1__k2__nu': np.float64(2.5), 'k2__noise_level': np.float64(9.999999999999982e-09), 'k2__noise_level_bounds': (1e-08, np.float64(0.3620901087733228))}","[0.10501570376173959, 0.0, 0.015810142092396277, 0.14993951481221385, 0.4503355144440001, 0.7224906025628146]",1.6682695352391679,0.6712950518693305,"[{'type': 'noise_collapse', 'severity': 0.8, 'details': {'noise_level': 1e-08}}]",{'acq': 'EI'}
22,GP health,0.6902381618891869,-1.7184019103667367,0.00010090913275178192,56660.95829330581,1,0.8,['noise_collapse']
22,GP anomalies,Sum,"{'k1': 0.599**2 * Matern(length_scale=[0.715, 2.11, 10, 0.201, 0.375, 10], nu=1.5), 'k2': WhiteKernel(noise_level=1e-08), 'k1__k1': 0.599**2, 'k1__k2': Matern(length_scale=[0.715, 2.11, 10, 0.201, 0.375, 10], nu=1.5), 'k1__k1__constant_value': np.float64(0.3582528628976523), 'k1__k1__constant_value_bounds': (0.001, 10000.0), 'k1__k2__length_scale': array([ 0.71460845,  2.11498992, 10.01363714,  0.20066338,  0.37455696,
       10.01363714]), 'k1__k2__length_scale_bounds': (0.010013637144622506, 10.013637144622505), 'k1__k2__nu': np.float64(1.5), 'k2__noise_level': np.float64(9.999999999999982e-09), 'k2__noise_level_bounds': (1e-08, np.float64(0.3534490338469108))}",1,0.8,['noise_collapse']
22,6D ML Hyperparameters,EI,"0.599**2 * Matern(length_scale=[0.715, 2.11, 10, 0.201, 0.375, 10], nu=1.5) + WhiteKernel(noise_level=1e-08)","{'k1': 0.599**2 * Matern(length_scale=[0.715, 2.11, 10, 0.201, 0.375, 10], nu=1.5), 'k2': WhiteKernel(noise_level=1e-08), 'k1__k1': 0.599**2, 'k1__k2': Matern(length_scale=[0.715, 2.11, 10, 0.201, 0.375, 10], nu=1.5), 'k1__k1__constant_value': np.float64(0.3582528628976523), 'k1__k1__constant_value_bounds': (0.001, 10000.0), 'k1__k2__length_scale': array([ 0.71460845,  2.11498992, 10.01363714,  0.20066338,  0.37455696,
       10.01363714]), 'k1__k2__length_scale_bounds': (0.010013637144622506, 10.013637144622505), 'k1__k2__nu': np.float64(1.5), 'k2__noise_level': np.float64(9.999999999999982e-09), 'k2__noise_level_bounds': (1e-08, np.float64(0.3534490338469108))}","[0.0, 0.0, 0.0, 0.18730190319794124, 0.36687943860373123, 0.8387631879202158]",1.8850152597549972,0.6902381618891869,"[{'type': 'noise_collapse', 'severity': 0.8, 'details': {'noise_level': 1e-08}}]",{'acq': 'EI'}
23,GP health,0.6897097287158279,1.7303194899415857,0.00010251842251605061,70261.38998433966,1,0.8,['noise_collapse']
23,GP anomalies,Sum,"{'k1': 0.599**2 * Matern(length_scale=[0.731, 2.14, 9.98, 0.207, 0.385, 9.98], nu=1.5), 'k2': WhiteKernel(noise_level=1e-08), 'k1__k1': 0.599**2, 'k1__k2': Matern(length_scale=[0.731, 2.14, 9.98, 0.207, 0.385, 9.98], nu=1.5), 'k1__k1__constant_value': np.float64(0.3585843102100319), 'k1__k1__constant_value_bounds': (0.001, 10000.0), 'k1__k2__length_scale': array([0.73100293, 2.13779748, 9.98209658, 0.20694338, 0.38471297,
       9.98209658]), 'k1__k2__length_scale_bounds': (0.009982096577522866, 9.982096577522865), 'k1__k2__nu': np.float64(1.5), 'k2__noise_level': np.float64(9.999999999999982e-09), 'k2__noise_level_bounds': (1e-08, np.float64(0.3473136557754388))}",1,0.8,['noise_collapse']
23,6D ML Hyperparameters,EI,"0.599**2 * Matern(length_scale=[0.731, 2.14, 9.98, 0.207, 0.385, 9.98], nu=1.5) + WhiteKernel(noise_level=1e-08)","{'k1': 0.599**2 * Matern(length_scale=[0.731, 2.14, 9.98, 0.207, 0.385, 9.98], nu=1.5), 'k2': WhiteKernel(noise_level=1e-08), 'k1__k1': 0.599**2, 'k1__k2': Matern(length_scale=[0.731, 2.14, 9.98, 0.207, 0.385, 9.98], nu=1.5), 'k1__k1__constant_value': np.float64(0.3585843102100319), 'k1__k1__constant_value_bounds': (0.001, 10000.0), 'k1__k2__length_scale': array([0.73100293, 2.13779748, 9.98209658, 0.20694338, 0.38471297,
       9.98209658]), 'k1__k2__length_scale_bounds': (0.009982096577522866, 9.982096577522865), 'k1__k2__nu': np.float64(1.5), 'k2__noise_level': np.float64(9.999999999999982e-09), 'k2__noise_level_bounds': (1e-08, np.float64(0.3473136557754388))}","[0.017684130436136945, 0.0, 0.11296636219354293, 0.16713400434013118, 0.39409646230517226, 1.0]",1.9017137898707936,0.6897097287158279,"[{'type': 'noise_collapse', 'severity': 0.8, 'details': {'noise_level': 1e-08}}]",{'acq': 'EI'}
24,GP health,0.6864794004777185,5.625785379018495,0.00010403747682261002,107455.46150200958,1,0.8,['noise_collapse']
24,GP anomalies,Sum,"{'k1': 0.601**2 * Matern(length_scale=[0.759, 2.17, 9.95, 0.212, 0.396, 9.95], nu=1.5), 'k2': WhiteKernel(noise_level=1e-08), 'k1__k1': 0.601**2, 'k1__k2': Matern(length_scale=[0.759, 2.17, 9.95, 0.212, 0.396, 9.95], nu=1.5), 'k1__k1__constant_value': np.float64(0.3614280005656798), 'k1__k1__constant_value_bounds': (0.001, 10000.0), 'k1__k2__length_scale': array([0.75852437, 2.17435702, 9.95393378, 0.21233903, 0.39645092,
       9.95393378]), 'k1__k2__length_scale_bounds': (0.009953933783384107, 9.953933783384107), 'k1__k2__nu': np.float64(1.5), 'k2__noise_level': np.float64(9.999999999999982e-09), 'k2__noise_level_bounds': (1e-08, np.float64(0.3409050773106607))}",1,0.8,['noise_collapse']
24,6D ML Hyperparameters,EI,"0.601**2 * Matern(length_scale=[0.759, 2.17, 9.95, 0.212, 0.396, 9.95], nu=1.5) + WhiteKernel(noise_level=1e-08)","{'k1': 0.601**2 * Matern(length_scale=[0.759, 2.17, 9.95, 0.212, 0.396, 9.95], nu=1.5), 'k2': WhiteKernel(noise_level=1e-08), 'k1__k1': 0.601**2, 'k1__k2': Matern(length_scale=[0.759, 2.17, 9.95, 0.212, 0.396, 9.95], nu=1.5), 'k1__k1__constant_value': np.float64(0.3614280005656798), 'k1__k1__constant_value_bounds': (0.001, 10000.0), 'k1__k2__length_scale': array([0.75852437, 2.17435702, 9.95393378, 0.21233903, 0.39645092,
       9.95393378]), 'k1__k2__length_scale_bounds': (0.009953933783384107, 9.953933783384107), 'k1__k2__nu': np.float64(1.5), 'k2__noise_level': np.float64(9.999999999999982e-09), 'k2__noise_level_bounds': (1e-08, np.float64(0.3409050773106607))}","[0.03397561358677248, 0.17054424751780217, 0.0, 0.1754784889130376, 0.35958686611932505, 0.9158056402560228]",1.8738309721083044,0.6864794004777185,"[{'type': 'noise_collapse', 'severity': 0.8, 'details': {'noise_level': 1e-08}}]",{'acq': 'EI'}
25,GP health,0.6626718754311625,14.86522240680263,0.00010531188829058984,896910.1412892081,1,0.8,['noise_collapse']
25,GP anomalies,Sum,"{'k1': 0.572**2 * Matern(length_scale=[0.606, 1.46, 9.91, 0.17, 0.314, 9.91], nu=2.5), 'k2': WhiteKernel(noise_level=1e-08), 'k1__k1': 0.572**2, 'k1__k2': Matern(length_scale=[0.606, 1.46, 9.91, 0.17, 0.314, 9.91], nu=2.5), 'k1__k1__constant_value': np.float64(0.3270061969162895), 'k1__k1__constant_value_bounds': (0.001, 10000.0), 'k1__k2__length_scale': array([0.60629662, 1.4631564 , 9.91044745, 0.16988677, 0.31418774,
       9.91044745]), 'k1__k2__length_scale_bounds': (0.00991044745193808, 9.91044745193808), 'k1__k2__nu': np.float64(2.5), 'k2__noise_level': np.float64(9.999999999999982e-09), 'k2__noise_level_bounds': (1e-08, np.float64(0.33377174826530853))}",1,0.8,['noise_collapse']
25,6D ML Hyperparameters,EI,"0.572**2 * Matern(length_scale=[0.606, 1.46, 9.91, 0.17, 0.314, 9.91], nu=2.5) + WhiteKernel(noise_level=1e-08)","{'k1': 0.572**2 * Matern(length_scale=[0.606, 1.46, 9.91, 0.17, 0.314, 9.91], nu=2.5), 'k2': WhiteKernel(noise_level=1e-08), 'k1__k1': 0.572**2, 'k1__k2': Matern(length_scale=[0.606, 1.46, 9.91, 0.17, 0.314, 9.91], nu=2.5), 'k1__k1__constant_value': np.float64(0.3270061969162895), 'k1__k1__constant_value_bounds': (0.001, 10000.0), 'k1__k2__length_scale': array([0.60629662, 1.4631564 , 9.91044745, 0.16988677, 0.31418774,
       9.91044745]), 'k1__k2__length_scale_bounds': (0.00991044745193808, 9.91044745193808), 'k1__k2__nu': np.float64(2.5), 'k2__noise_level': np.float64(9.999999999999982e-09), 'k2__noise_level_bounds': (1e-08, np.float64(0.33377174826530853))}","[0.0, 0.0, 0.18893371485084176, 0.6608388817041372, 0.5535452455141368, 0.8786077314383477]",0.3424240978459171,0.6626718754311625,"[{'type': 'noise_collapse', 'severity': 0.8, 'details': {'noise_level': 1e-08}}]",{'acq': 'EI'}
26,GP health,0.6868060732334806,8.651561764686129,0.00010468356082031056,122861.13195810928,1,0.8,['noise_collapse']
26,GP anomalies,Sum,"{'k1': 0.601**2 * Matern(length_scale=[0.777, 2.28, 9.89, 0.216, 0.406, 9.89], nu=1.5), 'k2': WhiteKernel(noise_level=1e-08), 'k1__k1': 0.601**2, 'k1__k2': Matern(length_scale=[0.777, 2.28, 9.89, 0.216, 0.406, 9.89], nu=1.5), 'k1__k1__constant_value': np.float64(0.36101613819793704), 'k1__k1__constant_value_bounds': (0.001, 10000.0), 'k1__k2__length_scale': array([0.77681826, 2.28348822, 9.88942063, 0.21586063, 0.40551713,
       9.88942063]), 'k1__k2__length_scale_bounds': (0.009889420625290626, 9.889420625290626), 'k1__k2__nu': np.float64(1.5), 'k2__noise_level': np.float64(9.999999999999982e-09), 'k2__noise_level_bounds': (1e-08, np.float64(0.32089967876433934))}",1,0.8,['noise_collapse']
26,6D ML Hyperparameters,EI,"0.601**2 * Matern(length_scale=[0.777, 2.28, 9.89, 0.216, 0.406, 9.89], nu=1.5) + WhiteKernel(noise_level=1e-08)","{'k1': 0.601**2 * Matern(length_scale=[0.777, 2.28, 9.89, 0.216, 0.406, 9.89], nu=1.5), 'k2': WhiteKernel(noise_level=1e-08), 'k1__k1': 0.601**2, 'k1__k2': Matern(length_scale=[0.777, 2.28, 9.89, 0.216, 0.406, 9.89], nu=1.5), 'k1__k1__constant_value': np.float64(0.36101613819793704), 'k1__k1__constant_value_bounds': (0.001, 10000.0), 'k1__k2__length_scale': array([0.77681826, 2.28348822, 9.88942063, 0.21586063, 0.40551713,
       9.88942063]), 'k1__k2__length_scale_bounds': (0.009889420625290626, 9.889420625290626), 'k1__k2__nu': np.float64(1.5), 'k2__noise_level': np.float64(9.999999999999982e-09), 'k2__noise_level_bounds': (1e-08, np.float64(0.32089967876433934))}","[0.0, 0.0, 0.0, 0.1733047526720749, 0.4011736405746289, 0.7734825387486952]",1.896915772385204,0.6868060732334806,"[{'type': 'noise_collapse', 'severity': 0.8, 'details': {'noise_level': 1e-08}}]",{'acq': 'EI'}
27,GP health,0.6835870201708358,12.621163557376988,0.00010593765450305033,188380.44670629984,1,0.8,['noise_collapse']
27,GP anomalies,Sum,"{'k1': 0.601**2 * Matern(length_scale=[0.791, 2.33, 9.85, 0.219, 0.414, 9.85], nu=1.5), 'k2': WhiteKernel(noise_level=1e-08), 'k1__k1': 0.601**2, 'k1__k2': Matern(length_scale=[0.791, 2.33, 9.85, 0.219, 0.414, 9.85], nu=1.5), 'k1__k1__constant_value': np.float64(0.3606070846371499), 'k1__k1__constant_value_bounds': (0.001, 10000.0), 'k1__k2__length_scale': array([0.79072093, 2.32572697, 9.84792932, 0.21940287, 0.41432238,
       9.84792932]), 'k1__k2__length_scale_bounds': (0.0098479293225712, 9.8479293225712), 'k1__k2__nu': np.float64(1.5), 'k2__noise_level': np.float64(9.999999999999982e-09), 'k2__noise_level_bounds': (1e-08, np.float64(0.3140978379260042))}",1,0.8,['noise_collapse']
27,6D ML Hyperparameters,EI,"0.601**2 * Matern(length_scale=[0.791, 2.33, 9.85, 0.219, 0.414, 9.85], nu=1.5) + WhiteKernel(noise_level=1e-08)","{'k1': 0.601**2 * Matern(length_scale=[0.791, 2.33, 9.85, 0.219, 0.414, 9.85], nu=1.5), 'k2': WhiteKernel(noise_level=1e-08), 'k1__k1': 0.601**2, 'k1__k2': Matern(length_scale=[0.791, 2.33, 9.85, 0.219, 0.414, 9.85], nu=1.5), 'k1__k1__constant_value': np.float64(0.3606070846371499), 'k1__k1__constant_value_bounds': (0.001, 10000.0), 'k1__k2__length_scale': array([0.79072093, 2.32572697, 9.84792932, 0.21940287, 0.41432238,
       9.84792932]), 'k1__k2__length_scale_bounds': (0.0098479293225712, 9.8479293225712), 'k1__k2__nu': np.float64(1.5), 'k2__noise_level': np.float64(9.999999999999982e-09), 'k2__noise_level_bounds': (1e-08, np.float64(0.3140978379260042))}","[0.0, 0.0, 0.384089469903543, 0.1640191303068703, 0.3486668349772985, 0.9144572191743915]",1.8738831670472709,0.6835870201708358,"[{'type': 'noise_collapse', 'severity': 0.8, 'details': {'noise_level': 1e-08}}]",{'acq': 'EI'}
28,GP health,0.6840049177265949,15.795416149424149,0.0001070018326129543,215550.6270071983,1,0.8,['noise_collapse']
28,GP anomalies,Sum,"{'k1': 0.602**2 * Matern(length_scale=[0.803, 2.37, 9.81, 0.223, 0.424, 9.81], nu=1.5), 'k2': WhiteKernel(noise_level=1e-08), 'k1__k1': 0.602**2, 'k1__k2': Matern(length_scale=[0.803, 2.37, 9.81, 0.223, 0.424, 9.81], nu=1.5), 'k1__k1__constant_value': np.float64(0.36204710956838987), 'k1__k1__constant_value_bounds': (0.001, 10000.0), 'k1__k2__length_scale': array([0.80304156, 2.37228845, 9.8080289 , 0.223141  , 0.4244801 ,
       9.8080289 ]), 'k1__k2__length_scale_bounds': (0.009808028900776929, 9.808028900776929), 'k1__k2__nu': np.float64(1.5), 'k2__noise_level': np.float64(9.999999999999982e-09), 'k2__noise_level_bounds': (1e-08, np.float64(0.30685234791542076))}",1,0.8,['noise_collapse']
28,6D ML Hyperparameters,EI,"0.602**2 * Matern(length_scale=[0.803, 2.37, 9.81, 0.223, 0.424, 9.81], nu=1.5) + WhiteKernel(noise_level=1e-08)","{'k1': 0.602**2 * Matern(length_scale=[0.803, 2.37, 9.81, 0.223, 0.424, 9.81], nu=1.5), 'k2': WhiteKernel(noise_level=1e-08), 'k1__k1': 0.602**2, 'k1__k2': Matern(length_scale=[0.803, 2.37, 9.81, 0.223, 0.424, 9.81], nu=1.5), 'k1__k1__constant_value': np.float64(0.36204710956838987), 'k1__k1__constant_value_bounds': (0.001, 10000.0), 'k1__k2__length_scale': array([0.80304156, 2.37228845, 9.8080289 , 0.223141  , 0.4244801 ,
       9.8080289 ]), 'k1__k2__length_scale_bounds': (0.009808028900776929, 9.808028900776929), 'k1__k2__nu': np.float64(1.5), 'k2__noise_level': np.float64(9.999999999999982e-09), 'k2__noise_level_bounds': (1e-08, np.float64(0.30685234791542076))}","[0.03656374545637333, 0.0, 0.0, 0.1523984650176758, 0.3617269862712776, 1.0]",1.8553821225702092,0.6840049177265949,"[{'type': 'noise_collapse', 'severity': 0.8, 'details': {'noise_level': 1e-08}}]",{'acq': 'EI'}
29,GP health,0.6851889423321189,18.836611384535374,0.00010791110456971595,232239.2393110145,1,0.8,['noise_collapse']
29,GP anomalies,Sum,"{'k1': 0.604**2 * Matern(length_scale=[0.823, 2.4, 9.78, 0.228, 0.432, 9.78], nu=1.5), 'k2': WhiteKernel(noise_level=1e-08), 'k1__k1': 0.604**2, 'k1__k2': Matern(length_scale=[0.823, 2.4, 9.78, 0.228, 0.432, 9.78], nu=1.5), 'k1__k1__constant_value': np.float64(0.36508443372707794), 'k1__k1__constant_value_bounds': (0.001, 10000.0), 'k1__k2__length_scale': array([0.82293234, 2.40084563, 9.78134025, 0.22810349, 0.43195003,
       9.78134025]), 'k1__k2__length_scale_bounds': (0.009781340248915976, 9.781340248915976), 'k1__k2__nu': np.float64(1.5), 'k2__noise_level': np.float64(9.999999999999982e-09), 'k2__noise_level_bounds': (1e-08, np.float64(0.2993146460645076))}",1,0.8,['noise_collapse']
29,6D ML Hyperparameters,EI,"0.604**2 * Matern(length_scale=[0.823, 2.4, 9.78, 0.228, 0.432, 9.78], nu=1.5) + WhiteKernel(noise_level=1e-08)","{'k1': 0.604**2 * Matern(length_scale=[0.823, 2.4, 9.78, 0.228, 0.432, 9.78], nu=1.5), 'k2': WhiteKernel(noise_level=1e-08), 'k1__k1': 0.604**2, 'k1__k2': Matern(length_scale=[0.823, 2.4, 9.78, 0.228, 0.432, 9.78], nu=1.5), 'k1__k1__constant_value': np.float64(0.36508443372707794), 'k1__k1__constant_value_bounds': (0.001, 10000.0), 'k1__k2__length_scale': array([0.82293234, 2.40084563, 9.78134025, 0.22810349, 0.43195003,
       9.78134025]), 'k1__k2__length_scale_bounds': (0.009781340248915976, 9.781340248915976), 'k1__k2__nu': np.float64(1.5), 'k2__noise_level': np.float64(9.999999999999982e-09), 'k2__noise_level_bounds': (1e-08, np.float64(0.2993146460645076))}","[0.023359479673335713, 0.03737957783362373, 0.11533506101785641, 0.1701219020778886, 0.38064255147671316, 0.7998444538966708]",1.9136930413401916,0.6851889423321189,"[{'type': 'noise_collapse', 'severity': 0.8, 'details': {'noise_level': 1e-08}}]",{'acq': 'EI'}
30,GP health,0.6571315609510047,32.08096556609733,0.00010890990096076911,3167867.9094944824,1,0.8,['noise_collapse']
30,GP anomalies,Sum,"{'k1': 0.576**2 * Matern(length_scale=[0.626, 1.58, 9.72, 0.179, 0.334, 9.72], nu=2.5), 'k2': WhiteKernel(noise_level=1e-08), 'k1__k1': 0.576**2, 'k1__k2': Matern(length_scale=[0.626, 1.58, 9.72, 0.179, 0.334, 9.72], nu=2.5), 'k1__k1__constant_value': np.float64(0.33145620463959286), 'k1__k1__constant_value_bounds': (0.001, 10000.0), 'k1__k2__length_scale': array([0.62616134, 1.57735308, 9.72318856, 0.17893033, 0.33431406,
       9.72318856]), 'k1__k2__length_scale_bounds': (0.009723188555233835, 9.723188555233834), 'k1__k2__nu': np.float64(2.5), 'k2__noise_level': np.float64(9.999999999999982e-09), 'k2__noise_level_bounds': (1e-08, np.float64(0.29219165736162966))}",1,0.8,['noise_collapse']
30,6D ML Hyperparameters,EI,"0.576**2 * Matern(length_scale=[0.626, 1.58, 9.72, 0.179, 0.334, 9.72], nu=2.5) + WhiteKernel(noise_level=1e-08)","{'k1': 0.576**2 * Matern(length_scale=[0.626, 1.58, 9.72, 0.179, 0.334, 9.72], nu=2.5), 'k2': WhiteKernel(noise_level=1e-08), 'k1__k1': 0.576**2, 'k1__k2': Matern(length_scale=[0.626, 1.58, 9.72, 0.179, 0.334, 9.72], nu=2.5), 'k1__k1__constant_value': np.float64(0.33145620463959286), 'k1__k1__constant_value_bounds': (0.001, 10000.0), 'k1__k2__length_scale': array([0.62616134, 1.57735308, 9.72318856, 0.17893033, 0.33431406,
       9.72318856]), 'k1__k2__length_scale_bounds': (0.009723188555233835, 9.723188555233834), 'k1__k2__nu': np.float64(2.5), 'k2__noise_level': np.float64(9.999999999999982e-09), 'k2__noise_level_bounds': (1e-08, np.float64(0.29219165736162966))}","[0.49289408745218005, 0.0, 0.0, 0.0, 0.8358322247131698, 1.0]",0.19137626921610273,0.6571315609510047,"[{'type': 'noise_collapse', 'severity': 0.8, 'details': {'noise_level': 1e-08}}]",{'acq': 'EI'}
